timestamp,engine_id,chamber_pressure,fuel_flow,temperature
2025-07-11T16:38:33.860159,ENG-002,278.29717969037296,118.47715585736914,4098.12026835732
2025-07-11T16:38:38.723818,ENG-001,285.80782335144204,149.9824530951776,4021.8421228885154
2025-07-11T16:38:41.681973,ENG-003,291.8318519256489,145.6294674570212,4139.015712254456
2025-07-11T16:38:43.955499,ENG-001,278.21563376065893,147.67850966988416,4122.31737482929
2025-07-11T16:38:48.871982,ENG-005,263.4694748363279,131.85873288729735,4022.308453718498
2025-07-11T16:38:51.086205,ENG-005,287.4597260429353,139.83776343119055,4089.0511184097227
2025-07-11T16:38:55.288145,ENG-001,274.41134469434473,147.63555501997345,4056.980579816762
2025-07-11T16:38:56.607239,ENG-005,282.9741934516096,138.47378774851563,3964.1015835993007
2025-07-11T16:38:59.119427,ENG-005,273.7982083493055,120.44579080588318,4035.555222145266
2025-07-11T16:39:03.684053,ENG-001,286.4834827178171,125.18693213927182,4025.914466043263
2025-07-11T16:39:07.449205,ENG-001,281.466371219153,131.7632852912384,4033.57397590691
2025-07-11T16:39:09.762436,ENG-001,285.88148934892763,128.9609855841557,4090.102166285018
2025-07-11T16:39:12.301414,ENG-002,264.2423349738416,121.20088961951375,4080.640447422831
2025-07-11T16:39:16.540192,ENG-005,274.0630908110334,130.88444886430474,4050.85758579809
2025-07-11T16:39:19.758130,ENG-001,264.55584477467806,142.70244591014347,4103.616792824679
2025-07-11T16:39:22.981565,ENG-002,252.64916892311103,122.02435376723366,4123.690761140007
2025-07-11T16:39:24.231342,ENG-001,287.57122555625267,133.60650507000392,4071.613182595177
2025-07-11T16:39:28.478763,ENG-002,257.8305943917864,134.36613078657942,4150.648880369064
2025-07-11T16:39:30.352051,ENG-003,292.5314086033684,145.92815884722606,4042.8836779042363
2025-07-11T16:39:34.173417,ENG-002,261.8886298415003,124.16573250611825,4221.06878442831
2025-07-11T16:39:36.545658,ENG-005,280.0388277178704,137.502248868133,4157.8776449025845
2025-07-11T16:39:38.350636,ENG-005,275.2614269931935,132.7323027601087,4026.631828995252
2025-07-11T16:39:42.229949,ENG-001,287.328450636766,147.28588244614178,4101.248098861379
2025-07-11T16:39:45.211058,ENG-001,285.9090370413119,141.28986450983234,4134.801693355346
2025-07-11T16:39:49.697303,ENG-003,287.74933225522426,144.75917592397613,4063.8011156481
2025-07-11T16:39:52.292263,ENG-003,294.55028410464104,141.15163782132365,4092.076985967917
2025-07-11T16:39:54.245142,ENG-002,262.22169579882774,126.59853444382169,4183.720894916124
2025-07-11T16:39:57.231662,ENG-005,273.44288442029523,128.55958731943588,4131.758946809804
2025-07-11T16:40:01.057745,ENG-003,291.45239274910716,147.2376469230293,4101.634106279058
2025-07-11T16:40:05.536099,ENG-001,290.8002972339668,141.6584668435702,4082.196933973832
2025-07-11T16:40:06.731947,ENG-003,290.3967158969197,147.0985103435042,4129.789194064011
2025-07-11T16:40:08.030233,ENG-002,255.11846929546869,129.41944958456898,4165.750359261592
2025-07-11T16:40:12.225984,ENG-003,269.9304705498502,144.79837014410109,4104.160321402933
2025-07-11T16:40:14.678294,ENG-002,249.48832924839866,118.54514928662135,4155.192600494091
2025-07-11T16:40:18.845692,ENG-001,288.9353545970828,139.52751240144426,4029.677470133256
2025-07-11T16:40:22.961622,ENG-004,267.7445668783507,114.33575856307297,4158.3418292420765
2025-07-11T16:40:24.922939,ENG-004,278.09390387060205,124.87672542745103,4095.240183049112
2025-07-11T16:40:26.367581,ENG-002,246.69178724769907,138.87748467812435,4127.886195073234
2025-07-11T16:40:28.671264,ENG-001,273.78202578337545,152.94688831397715,4045.684956464589
2025-07-11T16:40:32.346091,ENG-002,269.5449417962931,119.78663607235438,4123.279108660483
2025-07-11T16:40:35.849271,ENG-002,270.50413445543825,120.090941728237,4174.059261772212
2025-07-11T16:40:38.254575,ENG-001,290.7408836073299,139.6997351823259,4072.434393613119
2025-07-11T16:40:42.199181,ENG-001,269.556740683985,151.45250152955367,4061.3812153305503
2025-07-11T16:40:44.085397,ENG-001,287.93301531527663,140.08194638852228,4089.269326914022
2025-07-11T16:40:46.025498,ENG-001,287.4068755695741,129.0663483496721,4098.690840343284
2025-07-11T16:40:49.270899,ENG-005,280.53680387010286,142.27288467681967,4134.770865321103
2025-07-11T16:40:52.910648,ENG-004,265.74987361889356,127.49621336556605,4188.184014258774
2025-07-11T16:40:56.170993,ENG-003,307.2845069084787,131.25891295507358,4047.6904116398514
2025-07-11T16:41:00.513722,ENG-003,291.7965479566745,130.34925607672977,3985.93237180345
2025-07-11T16:41:02.202687,ENG-005,257.5998218492754,138.50887038715044,4016.1010443970126
2025-07-11T16:41:03.963264,ENG-004,268.77658959276846,131.08514684348896,4093.106392451415
2025-07-11T16:41:06.455719,ENG-002,260.5631523267204,120.24769841636663,4132.232877047837
2025-07-11T16:41:11.260660,ENG-002,278.68793598794144,124.5669631313916,4122.03540618059
2025-07-11T16:41:13.155770,ENG-005,272.1798790521303,,3996.806601079496
2025-07-11T16:41:16.844400,ENG-001,265.08872736122385,140.94871945489345,4131.328739887234
2025-07-11T16:41:18.823098,ENG-002,282.8646041048631,129.307989131938,4182.097856500936
2025-07-11T16:41:22.817166,ENG-002,263.5427983783315,134.20570876455596,4230.4071035914185
2025-07-11T16:41:24.881870,ENG-001,283.77439214016,138.48420876581622,4023.7981706071723
2025-07-11T16:41:27.009265,ENG-005,258.25728896165714,128.85420478161907,4056.1574490561443
2025-07-11T16:41:28.148419,ENG-001,290.3545233402143,129.48145585888236,4048.202001174454
2025-07-11T16:41:33.035178,ENG-005,279.32986848596875,479.04504658942255,4099.094968100417
2025-07-11T16:41:34.852296,ENG-005,292.23627365930696,138.15652843332558,-31.406163352479723
2025-07-11T16:41:36.241987,ENG-002,282.05959054081023,118.18899573244578,4135.642441400247
2025-07-11T16:41:40.809011,ENG-004,279.3579398656576,131.38353169346414,4102.29340667521
2025-07-11T16:41:45.382485,ENG-001,293.6616460138142,463.22706161386304,4026.5124272231446
2025-07-11T16:41:46.692362,ENG-005,272.33334946272686,134.1659891531018,4122.890115592887
2025-07-11T16:41:48.940983,ENG-005,264.990656113838,128.1787060297952,4154.382079168902
2025-07-11T16:41:51.001793,ENG-003,299.1845749963243,135.4039190182906,4091.1399419442755
2025-07-11T16:41:53.319037,ENG-003,299.9069496915848,149.576450856126,3968.1920368252
2025-07-11T16:41:56.196844,ENG-002,280.94263284985055,124.2183477782925,4172.146801031461
2025-07-11T16:41:58.980128,ENG-004,255.4196144772277,134.65569526192613,4059.230334927766
2025-07-11T16:42:03.876413,ENG-002,261.30978454834013,103.15095861137831,4194.622891701883
2025-07-11T16:42:05.635826,ENG-001,288.0870439932925,151.63362029925327,4047.4231650211773
2025-07-11T16:42:09.662150,ENG-005,277.32148264039085,126.64144547501382,4057.282072396648
2025-07-11T16:42:13.886808,ENG-002,268.87311795094814,122.72415998101343,4170.768195413472
2025-07-11T16:42:17.953689,ENG-001,284.43902446559326,146.732128270595,4067.1183344798756
2025-07-11T16:42:21.480231,ENG-002,264.27317010721714,121.55532008344116,4200.069413284466
2025-07-11T16:42:23.132802,ENG-005,278.45076192173036,144.59671497690545,4044.6183473577953
2025-07-11T16:42:26.492697,ENG-004,294.29069881032524,139.52529279456724,4150.801935415332
2025-07-11T16:42:27.712679,ENG-003,293.42287072005416,150.2140116868147,4089.561774722044
2025-07-11T16:42:31.735159,ENG-001,266.62244746928945,152.91270259367172,4037.350163652002
2025-07-11T16:42:36.138918,ENG-002,254.29053115874905,126.32734094740334,4153.140702636353
2025-07-11T16:42:37.292195,ENG-002,266.559399659151,114.37714267218837,4157.166724993973
2025-07-11T16:42:41.419536,ENG-002,251.7211255702069,136.86781754888455,4203.15742194366
2025-07-11T16:42:44.726351,ENG-001,280.219003140256,125.01722221386775,4040.4749168258813
2025-07-11T16:42:49.105374,ENG-005,271.67482597515647,128.65336555759572,4115.1681010859875
2025-07-11T16:42:50.473325,ENG-005,267.254004568184,133.16609173412107,4156.46672461989
2025-07-11T16:42:53.271829,ENG-001,284.3823524339564,128.81957617613173,4116.904738166567
2025-07-11T16:42:56.060189,ENG-001,291.457408140389,142.126228594735,4095.8322743350113
2025-07-11T16:42:57.889689,ENG-002,252.18174346755222,144.16122759142118,4085.739315753598
2025-07-11T16:42:59.885003,ENG-003,300.6191327400513,146.52630648359346,3994.167017557193
2025-07-11T16:43:02.093417,ENG-005,268.3893840067561,143.91394964801313,3989.1849743707025
2025-07-11T16:43:03.359926,ENG-005,270.170692548286,142.27099639130648,4143.435699569574
2025-07-11T16:43:07.681484,ENG-005,274.29148487544074,114.98513614561813,4100.61270842299
2025-07-11T16:43:10.396205,ENG-002,239.5016667268981,124.234694540586,4143.512350947782
2025-07-11T16:43:13.763330,ENG-004,271.0952312586143,143.01425939902444,4167.682754871965
2025-07-11T16:43:15.299651,ENG-002,277.3049538622986,129.7275789950735,4137.9007328999905
2025-07-11T16:43:16.359540,ENG-004,276.7550131466554,134.29964309033443,4081.8064820052527
2025-07-11T16:43:20.545295,ENG-003,278.5501978131968,150.8308925374624,4081.4160540787684
2025-07-11T16:43:23.022266,ENG-001,286.7157851253416,0.1,4092.4198739008543
2025-07-11T16:43:26.946215,ENG-002,250.89582340750948,116.78162542837786,4207.808075441349
2025-07-11T16:43:29.134014,ENG-002,259.3766918019684,119.99725676429753,4112.966114362457
2025-07-11T16:43:32.603010,ENG-005,297.5659583035392,138.59668280887183,4141.601302376914
2025-07-11T16:43:33.885045,ENG-005,267.52751250582605,0.1,4144.079227714743
2025-07-11T16:43:38.400660,ENG-004,264.9475661226637,124.42706212348848,4137.818000644519
2025-07-11T16:43:41.690743,ENG-001,287.3933372526979,124.51187512910582,4044.642140879108
2025-07-11T16:43:43.280612,ENG-001,271.58192388620756,131.20025811583403,4099.870946768564
2025-07-11T16:43:47.138146,ENG-003,289.9828052228525,142.14142380298676,4015.8119511524988
2025-07-11T16:43:51.605060,ENG-004,266.4122182145083,145.39045432543713,4033.15255544086
2025-07-11T16:43:55.237293,ENG-002,257.6140529080934,125.26713783526047,4166.0290387149125
2025-07-11T16:43:59.737731,ENG-002,279.97562682588864,115.86526774670953,4095.3163948990527
2025-07-11T16:44:01.819343,ENG-005,274.7979722474632,,
2025-07-11T16:44:06.145230,ENG-003,278.20406128699443,141.0105536058416,4026.1561289964984
2025-07-11T16:44:08.316921,ENG-003,307.68188331067483,137.6130773976725,4076.01238767696
2025-07-11T16:44:13.039216,ENG-001,291.83716062424685,137.48936041332183,9837.306662128467
2025-07-11T16:44:15.848654,ENG-003,303.3078293130327,126.27946142618383,4069.7258515346743
2025-07-11T16:44:17.608930,ENG-003,298.79541277786944,138.28880093879513,4001.375823087726
2025-07-11T16:44:22.555241,ENG-002,258.86355551798283,132.0612869295311,4259.462208705153
2025-07-11T16:44:25.706105,ENG-004,263.2514432061306,139.56831224442976,4111.317983615535
2025-07-11T16:44:28.552958,ENG-003,281.85671747138,143.52133852350073,4049.618038800208
2025-07-11T16:44:32.950245,ENG-005,285.54722844540885,133.37486520135295,4061.77616785272
2025-07-11T16:44:35.810039,ENG-005,288.81737580951483,140.6747185175481,4134.852692091087
2025-07-11T16:44:40.750916,ENG-002,277.05976637957735,136.96212739164207,4049.0267788194906
2025-07-11T16:44:44.022875,ENG-005,284.7135749561498,138.35893210546038,4109.88504529984
2025-07-11T16:44:45.710027,ENG-002,259.42365985573736,114.6060046415432,4122.880217032796
2025-07-11T16:44:50.445691,ENG-001,268.31930678892365,141.62906852174234,4074.351354662376
2025-07-11T16:44:54.242110,ENG-004,271.0729907030028,133.92643105881507,4117.421442435117
2025-07-11T16:44:55.943124,ENG-003,288.0271227093621,147.7348433139046,4048.2745723114035
2025-07-11T16:44:59.483634,ENG-005,270.7195897726074,150.7987064666418,4089.70199492233
2025-07-11T16:45:01.577728,ENG-004,279.9545400234468,126.90705702613562,4063.972254349355
2025-07-11T16:45:05.526385,ENG-001,280.74972455295506,133.96757890310033,4094.6114865454647
2025-07-11T16:45:08.617650,ENG-005,274.33097856588273,137.8653760043839,4178.255910250256
2025-07-11T16:45:10.118881,ENG-005,291.6344388497138,142.32245332942622,4122.291439291472
2025-07-11T16:45:15.085834,ENG-005,275.97976247972395,131.27508873062487,4058.699866050461
2025-07-11T16:45:19.359594,ENG-002,252.22323663337932,132.9551950290035,4118.61219720523
2025-07-11T16:45:22.572756,ENG-002,258.86053809548355,133.3579077994334,-166.96473831038284
2025-07-11T16:45:26.237135,ENG-001,281.1324605068549,141.66425436653265,4058.0923763390797
2025-07-11T16:45:28.050403,ENG-003,282.14791015538447,145.52284590185002,4007.7598822800423
2025-07-11T16:45:31.143416,ENG-004,276.0468688229894,125.71245464830926,4045.865694692998
2025-07-11T16:45:35.087879,ENG-001,269.96920876170884,128.5401178042239,4157.048079279554
2025-07-11T16:45:36.150914,ENG-004,285.4400718052595,135.08324288180123,4136.355342828797
2025-07-11T16:45:41.123729,ENG-005,268.4647388684541,137.6612076379355,4154.007946072532
2025-07-11T16:45:44.187682,ENG-002,279.3177396897181,134.4197868386299,4167.999888962022
2025-07-11T16:45:48.709415,ENG-002,269.23681029080313,128.85436694774995,4215.40465504168
2025-07-11T16:45:52.693887,ENG-001,280.6774662420288,135.89094300382055,4034.6106934610148
2025-07-11T16:45:57.493322,ENG-004,282.22023025908277,136.84987298834972,4123.206575751078
2025-07-11T16:45:58.970995,ENG-003,295.94073788757356,147.08358676616638,4027.696720888842
2025-07-11T16:46:03.393808,ENG-001,294.677658386044,137.21173023591373,4198.628097845527
2025-07-11T16:46:06.797784,ENG-005,273.2670354590201,136.163585033818,4031.7169576974475
2025-07-11T16:46:11.758783,ENG-001,284.6781201540678,127.21733310548979,4133.389432463879
2025-07-11T16:46:16.394580,ENG-002,276.3463679866955,129.26727189995086,4198.412854507386
2025-07-11T16:46:19.218775,ENG-001,287.7879734016369,139.03653218632044,4068.1982376010806
2025-07-11T16:46:24.088032,ENG-001,289.10822543196986,139.2525539256063,4117.235920540417
2025-07-11T16:46:26.211568,ENG-004,268.3265311867657,142.98902945431828,4054.302053891213
2025-07-11T16:46:28.478270,ENG-001,289.5686027303126,149.17824854716926,4091.852802683137
2025-07-11T16:46:31.846363,ENG-003,292.04288455308904,147.5529106566165,3996.08179504705
2025-07-11T16:46:33.151531,ENG-005,281.41735630051005,146.78530966240058,3936.140013719694
2025-07-11T16:46:36.153550,ENG-001,273.1712913719695,138.3955698963208,4123.27070237873
2025-07-11T16:46:37.878493,ENG-001,271.31636341259946,133.38617610454202,4035.762902859347
2025-07-11T16:46:41.967446,ENG-005,288.9024513992566,126.58081603957592,4016.711911296705
2025-07-11T16:46:43.873927,ENG-004,279.92147652758337,135.81367247548195,4099.858416176183
2025-07-11T16:46:48.512310,ENG-004,271.63171939419544,144.26255757059744,4098.233162400869
2025-07-11T16:46:50.048436,ENG-002,266.2192726797435,113.33332334035204,4129.179053224599
2025-07-11T16:46:54.149876,ENG-004,281.3974404399649,143.72749711959202,4045.535397888082
2025-07-11T16:46:56.690563,ENG-005,283.48917136961256,138.51271857172355,4098.343966894183
2025-07-11T16:46:57.724332,ENG-002,249.83300127625625,115.92258399662265,4157.847749615212
2025-07-11T16:47:01.439341,ENG-002,264.50325156897645,119.01110003903422,4096.476697913282
2025-07-11T16:47:04.374115,ENG-004,273.76819841037457,131.65063487587818,4085.226394812283
2025-07-11T16:47:05.391412,ENG-004,273.2107597297713,137.9304536418425,4140.959105985742
2025-07-11T16:47:09.633436,ENG-003,297.5494939684291,151.53926792481275,3987.3258289919218
2025-07-11T16:47:14.074835,ENG-002,264.8569238423371,130.5738267764648,
2025-07-11T16:47:16.435401,ENG-001,283.4690338340908,125.14871714505729,4091.287409039859
2025-07-11T16:47:18.317986,ENG-004,274.5174216056967,130.86384225959955,4107.802484781454
2025-07-11T16:47:19.400008,ENG-005,284.40295737252063,130.75402713966224,4080.4214667988917
2025-07-11T16:47:21.985529,ENG-001,303.4675984627052,134.5728288632671,3979.8572484411266
2025-07-11T16:47:25.576003,ENG-003,306.2991161029441,147.59967990499206,4068.811378449026
2025-07-11T16:47:28.180006,ENG-005,300.2337425273898,134.62583822825837,4106.33294890894
2025-07-11T16:47:32.003184,ENG-004,297.59481812032607,136.94614536129825,4071.607556381621
2025-07-11T16:47:35.423071,ENG-003,287.92194781934813,134.2646171070275,4038.8259165578575
2025-07-11T16:47:38.467148,ENG-005,282.9495710761273,124.43713532784392,
2025-07-11T16:47:41.499899,ENG-001,278.28188787680267,146.18356615093268,4065.545075864385
2025-07-11T16:47:44.152187,ENG-004,277.78592376591166,139.1945347259073,3975.365536737835
2025-07-11T16:47:48.199133,ENG-005,280.47749852275996,136.12612363995572,4051.469663147925
2025-07-11T16:47:52.193020,ENG-005,279.87404376407534,133.8297461298729,4136.108563439499
2025-07-11T16:47:54.848186,ENG-005,284.90979182775186,139.58555551789775,4099.520519809269
2025-07-11T16:47:56.886368,ENG-002,268.2575613575153,131.28071326713786,4117.321132843383
2025-07-11T16:48:01.388477,ENG-003,311.7886931953024,153.01437255377576,4005.7451004705867
2025-07-11T16:48:05.497270,ENG-001,285.4001427256769,152.16486070547114,3998.3544514203677
2025-07-11T16:48:06.942498,ENG-005,266.20345651695254,116.77381126440991,4088.030628505895
2025-07-11T16:48:08.518614,ENG-005,274.99964267913055,135.47420381677566,4091.6708256513384
2025-07-11T16:48:11.020939,ENG-004,272.2274098344988,123.85186119996942,4141.212100691499
2025-07-11T16:48:13.132504,ENG-003,291.77674145934446,153.01125047735982,4087.535276749583
2025-07-11T16:48:17.064195,ENG-001,286.9108780536786,134.45881439359803,4125.60278631225
2025-07-11T16:48:18.933677,ENG-005,278.46391882031986,143.0331895404792,4042.098266271017
2025-07-11T16:48:22.280200,ENG-002,266.76901872242536,134.2594454419229,4149.119243547506
2025-07-11T16:48:27.135298,ENG-004,902.7476768487477,128.7872970301199,4128.43605386725
2025-07-11T16:48:28.399451,ENG-005,280.18042861869236,137.52642735485495,4132.800737770003
2025-07-11T16:48:30.247617,ENG-005,285.2273547244049,147.8357630987835,4064.809047576739
2025-07-11T16:48:32.443873,ENG-001,286.79697261661306,141.16191986502614,4116.676311878273
2025-07-11T16:48:34.693861,ENG-005,272.6399098078443,141.77277217025278,4157.544504224051
2025-07-11T16:48:39.355675,ENG-003,283.24215970710543,130.03401631362257,4035.8124573849777
2025-07-11T16:48:42.639313,ENG-001,283.79233332958677,140.0269624484155,4016.502443382068
2025-07-11T16:48:46.791568,ENG-001,277.97271388412315,142.99271307947694,4114.4496311870225
2025-07-11T16:48:50.808139,ENG-005,280.1495817732116,143.4348759136826,4127.796623745335
2025-07-11T16:48:53.051395,ENG-001,285.0509366214979,121.78454254954302,4037.823729904066
2025-07-11T16:48:54.665508,ENG-002,266.7388976453419,133.17163674773187,4103.015353623862
2025-07-11T16:48:56.151168,ENG-005,275.07155506575367,131.069150127088,4088.9564154023956
2025-07-11T16:48:57.843977,ENG-001,271.12683246416753,144.692088181642,4052.7162333405345
2025-07-11T16:49:00.178738,ENG-002,270.19997452729376,133.70475753107192,4159.802053955701
2025-07-11T16:49:01.610253,ENG-005,279.8344899596158,124.63403276184115,4160.860127179987
2025-07-11T16:49:03.342682,ENG-003,295.08909390619226,153.42763103973022,3997.7297382607326
2025-07-11T16:49:04.449432,ENG-001,261.94710954375955,152.29909883525795,4112.371294414036
2025-07-11T16:49:05.599285,ENG-003,283.87201213788796,141.5094669923113,4028.5712364956084
2025-07-11T16:49:07.671065,ENG-002,279.3923988260248,121.91910412117826,4061.283456273159
2025-07-11T16:49:11.217661,ENG-003,288.9554073819691,139.08605151689486,4052.2501487769973
2025-07-11T16:49:12.488685,ENG-005,279.45853726014207,136.4561546021547,4148.851906046195
2025-07-11T16:49:17.044356,ENG-003,285.90970797561425,143.03605158514952,4072.245834270684
2025-07-11T16:49:21.478769,ENG-005,259.03830071021764,133.890735027417,4056.4526002556568
2025-07-11T16:49:23.093543,ENG-002,269.13622905707854,127.02208966656592,4148.35147351836
2025-07-11T16:49:24.114580,ENG-003,282.8441477261176,129.4671903570249,4032.340142704107
2025-07-11T16:49:29.040944,ENG-004,288.5158945415229,140.3779263669724,4115.79683694652
2025-07-11T16:49:33.418310,ENG-004,257.1937038877362,142.7708751631884,4143.01378231439
2025-07-11T16:49:34.706849,ENG-005,294.72474187753636,122.37858349390218,4131.3695657432
2025-07-11T16:49:36.096658,ENG-003,272.0843347336159,161.59596663611265,4036.28309887656
2025-07-11T16:49:38.936589,ENG-004,276.01734989116767,124.13015987928276,4034.524120030455
2025-07-11T16:49:42.657363,ENG-002,289.03350736511925,124.65533906566861,4182.964313524597
2025-07-11T16:49:45.375186,ENG-005,273.66064064257495,137.86098632916145,4090.6593100602463
2025-07-11T16:49:49.804362,ENG-001,298.79640643546986,126.01222070946321,4076.63197279601
2025-07-11T16:49:53.508766,ENG-003,,135.87662490117376,
2025-07-11T16:49:57.480612,ENG-004,278.6142597511585,127.55199706044365,4115.420256217631
2025-07-11T16:49:58.557144,ENG-005,264.44501255975683,138.36920773309245,4035.5886180784705
2025-07-11T16:49:59.558978,ENG-003,295.80484253838017,142.96384890715333,3996.994642683081
2025-07-11T16:50:01.146912,ENG-003,277.9938443122954,152.36102751855515,4058.8460461203595
2025-07-11T16:50:06.113520,ENG-001,291.2127388304682,123.9746094897121,4077.1461969386683
2025-07-11T16:50:08.104999,ENG-003,266.3217461046085,134.56464066328223,4070.0605750474533
2025-07-11T16:50:11.750225,ENG-001,287.42359244828793,144.57365059953258,4071.816388133158
2025-07-11T16:50:14.614859,ENG-001,279.6020163416831,145.9484675778801,4121.247017340529
2025-07-11T16:50:16.870530,ENG-004,279.76999027390434,132.17990970141594,4176.397798941321
2025-07-11T16:50:18.471986,ENG-002,256.96467234066574,131.16012737418282,4117.957805729139
2025-07-11T16:50:21.055183,ENG-003,283.2176694192709,118.87432680246451,4006.9539159209944
2025-07-11T16:50:24.622372,ENG-004,261.0730229715692,131.81207354918004,4079.1555273183503
2025-07-11T16:50:27.738228,ENG-002,266.4639078188109,139.47968324083337,4144.4762510020355
2025-07-11T16:50:30.247324,ENG-004,256.97288454894766,133.80075349116873,4014.3674472423068
2025-07-11T16:50:34.123469,ENG-003,301.25303196312507,129.0305100035613,4002.608135186138
2025-07-11T16:50:35.273935,ENG-002,242.01448945859366,129.95768199619,4080.8688511014507
2025-07-11T16:50:36.805071,ENG-002,263.8909681602271,123.21193459712798,4101.1631241651485
2025-07-11T16:50:41.339507,ENG-001,275.8912145713475,150.9673025616776,4111.478341098918
2025-07-11T16:50:42.569202,ENG-005,281.11415582936604,139.69188719918785,4135.547189575266
2025-07-11T16:50:45.864598,ENG-004,288.2373329442141,132.51351058455558,4085.8946506912075
2025-07-11T16:50:47.151344,ENG-003,296.30115314575414,141.2102540082667,3956.1266619386556
2025-07-11T16:50:51.967036,ENG-001,282.52767830607763,133.78893123241284,4088.9315809849772
2025-07-11T16:50:56.133082,ENG-005,276.99764595214157,134.00169615980474,4136.166906867444
2025-07-11T16:51:00.428749,ENG-004,287.9039264965638,120.52110037745936,4059.4439150587
2025-07-11T16:51:04.430589,ENG-003,273.65090892614444,136.446858956964,3980.6189195011366
2025-07-11T16:51:07.571547,ENG-002,255.32901449690243,117.65297736161541,4139.383002602721
2025-07-11T16:51:11.578959,ENG-002,266.1661827907188,128.9807360648159,4195.181840679398
2025-07-11T16:51:13.684482,ENG-002,266.1928787028168,130.53478557277498,4131.938100828096
2025-07-11T16:51:14.859441,ENG-005,274.6610297872751,142.20176869627787,4227.187307575435
2025-07-11T16:51:18.153258,ENG-004,259.3205346998837,131.92750810426796,4085.556273119949
2025-07-11T16:51:20.159135,ENG-003,294.3897745301882,139.70118468411243,3974.7661887914346
2025-07-11T16:51:25.090665,ENG-005,281.0722692566262,135.01800371321005,4039.1183915873194
2025-07-11T16:51:29.090264,ENG-001,298.74341908230144,150.31601400354174,4057.9198019413743
2025-07-11T16:51:30.796046,ENG-001,283.3638857018645,132.663899545579,4048.455551399398
2025-07-11T16:51:31.807695,ENG-003,295.7503390595008,135.6376645568609,4049.4045800332024
2025-07-11T16:51:36.011036,ENG-001,,135.28300867412156,
2025-07-11T16:51:37.715447,ENG-004,261.437227796728,126.64329414703633,4136.410520247397
2025-07-11T16:51:40.024939,ENG-004,79.31506455436181,137.08286440041078,4043.780665967144
2025-07-11T16:51:43.623140,ENG-005,282.8025491573489,131.096773767888,4114.55600092922
2025-07-11T16:51:45.295053,ENG-003,300.4114204891518,153.70148784975757,4143.4309683010015
2025-07-11T16:51:46.628158,ENG-004,267.2259378656368,117.19262355128942,4176.074153843494
2025-07-11T16:51:50.109267,ENG-005,271.0486120052479,118.81120009210164,4077.2425013694506
2025-07-11T16:51:54.969649,ENG-003,290.9482026601974,134.86383479726732,4047.573362979053
2025-07-11T16:51:59.849554,ENG-003,289.2585482955096,131.53126206011785,4036.50838974639
2025-07-11T16:52:04.540077,ENG-005,261.41058132558663,129.7928636711336,4065.631506332431
2025-07-11T16:52:07.053913,ENG-001,297.85029136247545,135.5145625851726,4072.294736554764
2025-07-11T16:52:10.258252,ENG-004,270.51748479406797,136.85806536098463,4139.6222460051795
2025-07-11T16:52:15.024373,ENG-003,287.02816844203164,135.0152832787084,3974.8976585894193
2025-07-11T16:52:19.331631,ENG-003,283.75551590869384,147.4201868611857,4092.34993831236
2025-07-11T16:52:23.879516,ENG-003,,139.37476260672383,
2025-07-11T16:52:28.546707,ENG-005,291.5824385359578,120.04889225071038,4040.6772392252706
2025-07-11T16:52:31.027919,ENG-003,294.3590523807069,142.64430054089394,4036.4343240005182
2025-07-11T16:52:34.923059,ENG-003,68.45537440769567,148.93685505389962,4040.87978211945
2025-07-11T16:52:39.206563,ENG-004,261.15083317213515,134.50675234860762,4089.34921391326
2025-07-11T16:52:43.701916,ENG-004,283.1098517204456,132.16765288525428,4131.95853651641
2025-07-11T16:52:46.743242,ENG-005,270.3553577327956,134.93966830804416,4082.103131951911
2025-07-11T16:52:48.563876,ENG-002,260.5537921291982,114.10797444623,4195.52446072309
2025-07-11T16:52:52.559211,ENG-005,283.6443865807216,141.72582021299164,4127.451760647776
2025-07-11T16:52:56.923684,ENG-004,284.1198903381041,137.8729066823529,4071.5499005038564
2025-07-11T16:53:00.841325,ENG-001,293.9517980436475,148.03530151235475,4065.7063338473395
2025-07-11T16:53:03.059903,ENG-005,289.5306524009379,139.59122504616565,4090.194170329177
2025-07-11T16:53:07.287559,ENG-001,294.9377510256191,140.85927253477843,4102.8128749840225
2025-07-11T16:53:11.093029,ENG-001,275.6534041312799,134.66923546841088,3999.204741967484
2025-07-11T16:53:12.352844,ENG-002,269.6090516626759,128.51570096304908,4038.6504548623748
2025-07-11T16:53:16.271939,ENG-003,290.0966964702311,141.86277192295384,4060.981933558123
2025-07-11T16:53:17.521245,ENG-002,281.79466391588556,122.17721315402703,4214.7819538150925
2025-07-11T16:53:20.248972,ENG-005,253.18971873910075,122.65503264067253,4139.6868785154165
2025-07-11T16:53:21.486646,ENG-002,269.97694755846817,122.42942226096082,4138.1117365200125
2025-07-11T16:53:23.264792,ENG-002,255.67670066966338,123.76372043865322,4183.460927593891
2025-07-11T16:53:26.374570,ENG-002,272.764881139119,112.20669013469343,4174.042537973918
2025-07-11T16:53:31.277535,ENG-004,277.42138433589696,146.01358321521434,4154.690512374364
2025-07-11T16:53:35.810665,ENG-004,265.19402050126814,128.73609757270427,4071.5856577350346
2025-07-11T16:53:37.747933,ENG-004,279.07198765375716,,
2025-07-11T16:53:41.981247,ENG-004,254.8266607066016,120.01106872892365,4167.098273743845
2025-07-11T16:53:44.356369,ENG-001,269.74081695883683,138.10371088931967,4030.357539592499
2025-07-11T16:53:48.406459,ENG-005,287.25623061937154,141.7482166293162,4099.549334098549
2025-07-11T16:53:50.486347,ENG-005,256.66582284922225,138.5205933164193,4144.2138115243015
2025-07-11T16:53:54.739970,ENG-004,270.9871206071122,138.95450075132467,4164.682664973953
2025-07-11T16:53:57.158799,ENG-004,271.6408080872553,123.66453945245613,4100.16737836734
2025-07-11T16:54:02.048152,ENG-003,285.6594844664494,137.84003790438283,3971.1082949246947
2025-07-11T16:54:03.144846,ENG-004,274.9889366924289,131.21407228449274,4156.527636738249
2025-07-11T16:54:06.102078,ENG-003,294.0307908544833,143.36357228626113,3955.8372563612497
2025-07-11T16:54:10.221132,ENG-001,284.31923217448815,131.29656480182902,4167.833753541254
2025-07-11T16:54:12.127544,ENG-003,290.5148415339911,156.01022705797095,4131.177902924397
2025-07-11T16:54:13.640337,ENG-003,286.8905546000675,132.78097413299105,4092.844628695002
2025-07-11T16:54:17.905487,ENG-004,275.105246909538,136.39782688066654,4146.9928217512015
2025-07-11T16:54:22.195111,ENG-004,272.4978678616277,129.5812419471181,4103.821835009672
2025-07-11T16:54:24.080880,ENG-002,257.16648725593103,131.9131782764668,4189.721567075138
2025-07-11T16:54:27.205745,ENG-001,285.688070734456,136.54558984987213,3987.5454473164004
2025-07-11T16:54:31.597556,ENG-005,279.82503566068306,129.92320862816035,4156.241666222916
2025-07-11T16:54:34.302901,ENG-003,293.22376847287137,137.2756230005693,3931.5681500327805
2025-07-11T16:54:36.954494,ENG-004,270.5470605955013,128.38153283795128,4108.483059943953
2025-07-11T16:54:41.694887,ENG-005,275.6153673818307,140.47105039899247,4129.148647132823
2025-07-11T16:54:46.245472,ENG-005,271.8494084063926,135.41678941965435,4082.0618442256373
2025-07-11T16:54:49.959723,ENG-005,273.08611398660645,147.57585486755866,4083.346140342658
2025-07-11T16:54:51.655269,ENG-002,269.16931715545024,131.06615821271592,4128.287872123477
2025-07-11T16:54:55.588914,ENG-003,303.1940626322251,140.11571099827955,4026.163747430127
2025-07-11T16:55:00.272967,ENG-002,277.7639729702274,126.30214574904436,4217.500778956027
2025-07-11T16:55:04.946206,ENG-005,269.5222286610496,125.86633616917943,4047.9024304520394
2025-07-11T16:55:08.781298,ENG-002,279.90290902254685,134.16454208227213,8622.846230011324
2025-07-11T16:55:10.862995,ENG-002,253.19161633565625,106.4920845830618,4160.141478725824
2025-07-11T16:55:13.776331,ENG-002,270.4493972468462,122.13623125748136,4152.7348868723375
2025-07-11T16:55:16.974634,ENG-003,288.08746463977764,131.67391593196368,4011.1082502099653
2025-07-11T16:55:19.255583,ENG-005,290.5351833494444,129.16462300639776,4160.108131865725
2025-07-11T16:55:23.764086,ENG-004,266.34170789619947,146.31286524912338,4091.969151627154
2025-07-11T16:55:27.565571,ENG-002,250.63434867506587,114.8292432730594,4048.2156139957206
2025-07-11T16:55:31.876207,ENG-004,269.458336094809,116.93356282651429,4063.892680188
2025-07-11T16:55:35.918978,ENG-003,300.46371054857605,154.20637851673018,4024.6881120892926
2025-07-11T16:55:37.614026,ENG-001,290.17810416390944,134.7879404976109,4083.2470019570974
2025-07-11T16:55:41.886075,ENG-004,258.3923581892587,138.71611608719968,4164.846761238527
2025-07-11T16:55:44.515653,ENG-002,268.3828611480897,122.66032090569009,4060.810866615045
2025-07-11T16:55:48.253946,ENG-005,271.5352361402469,139.3414643707538,4059.4051007839726
2025-07-11T16:55:53.014715,ENG-003,290.12534854703074,144.2852294608963,4053.1105084526916
2025-07-11T16:55:55.482051,ENG-003,277.675276407129,144.3994871015816,4080.4563597380443
2025-07-11T16:55:59.623511,ENG-002,264.77569555761426,129.78241047544134,4146.606225096739
2025-07-11T16:56:01.874616,ENG-003,308.19911229864863,133.4734157851587,4054.850132722457
2025-07-11T16:56:04.409523,ENG-003,291.38608886597683,143.02446775145353,3997.4513789914818
2025-07-11T16:56:08.983857,ENG-003,655.629362028189,131.0174666800177,4002.260727335949
2025-07-11T16:56:13.828053,ENG-001,279.47879834669004,138.1340194670003,4027.039557067668
2025-07-11T16:56:15.158984,ENG-005,268.2693837113006,133.2118506457934,4130.522317525867
2025-07-11T16:56:18.621890,ENG-003,282.3359746649545,136.33139246737247,4089.332033793755
2025-07-11T16:56:20.423751,ENG-004,281.3871422628217,125.46964087311889,4111.1382924110785
2025-07-11T16:56:23.829262,ENG-002,269.79294524926877,123.89715500791884,4233.5911877255985
2025-07-11T16:56:25.696098,ENG-001,276.18215436537486,151.15187306434035,4066.180842437857
2025-07-11T16:56:27.106108,ENG-002,253.605126613296,131.3074298577013,4128.497796618257
2025-07-11T16:56:31.829878,ENG-004,284.8606934465432,145.66927389457993,4060.8038837981935
2025-07-11T16:56:35.248178,ENG-003,,138.58967151726483,
2025-07-11T16:56:38.558727,ENG-005,280.2858315052215,125.3505161903993,4098.918786306102
2025-07-11T16:56:40.620838,ENG-003,295.32821607041456,146.69188496819257,3994.62141878022
2025-07-11T16:56:42.694178,ENG-004,271.0550804791439,123.9785038885496,4138.380659155127
2025-07-11T16:56:47.300185,ENG-003,766.3142475694642,137.87413713375844,4019.494487804027
2025-07-11T16:56:49.696400,ENG-005,265.53513363060534,136.1145148377559,3987.0780577347973
2025-07-11T16:56:53.052437,ENG-004,300.44767099074727,139.98183308701627,4097.661761959421
2025-07-11T16:56:57.458152,ENG-005,262.4132154940704,143.57659026646414,4107.969213404488
2025-07-11T16:57:02.129529,ENG-001,302.7542617952179,138.21303648207063,4096.49642295112
2025-07-11T16:57:05.629997,ENG-005,260.9991994810514,134.93920628486558,4137.754739621263
2025-07-11T16:57:06.839183,ENG-004,275.9759215496415,128.41247186337475,4071.7317301172743
2025-07-11T16:57:08.081983,ENG-003,295.58862186796233,147.88366178476778,4071.7621945634696
2025-07-11T16:57:12.685301,ENG-003,296.7981377518371,132.85510625066465,3982.8816879592396
2025-07-11T16:57:17.256450,ENG-003,282.6721149380036,,
2025-07-11T16:57:20.410146,ENG-005,269.3870193076658,133.20718025695456,4082.1430897375394
2025-07-11T16:57:22.293672,ENG-005,279.7228940222102,141.7491429117494,4011.750674924151
2025-07-11T16:57:26.927959,ENG-003,288.7280067960108,137.37877967526916,4025.5004467995254
2025-07-11T16:57:31.567280,ENG-005,284.9279236776471,123.83177986100992,4098.090651968014
2025-07-11T16:57:34.373462,ENG-005,253.32081901279395,125.49857066899378,4022.7159254767416
2025-07-11T16:57:38.133625,ENG-005,256.10018396814235,131.50803979413791,4126.341092961839
2025-07-11T16:57:41.656888,ENG-004,280.00427401656736,129.29410807565668,4090.9166201115922
2025-07-11T16:57:44.318132,ENG-002,252.87695078678456,116.26915911960366,4202.498794568127
2025-07-11T16:57:47.803286,ENG-002,262.4451576680389,113.38072013910119,4099.13377790913
2025-07-11T16:57:51.121215,ENG-004,279.1130273182866,132.21196511912888,4161.117521783437
2025-07-11T16:57:55.678423,ENG-004,271.77007769718995,119.11900751428823,4072.114853035992
2025-07-11T16:57:58.942761,ENG-001,279.98939355541376,135.3307478075695,3977.798202426362
2025-07-11T16:58:03.188021,ENG-002,261.4124521180319,128.86477022406575,4116.369103559185
2025-07-11T16:58:04.570248,ENG-002,254.7361881231764,110.58634193941876,4117.955598495449
2025-07-11T16:58:06.987334,ENG-005,287.3751489768195,145.4314439986655,4096.5665363989465
2025-07-11T16:58:08.420180,ENG-003,287.5103364399793,147.71388663753956,4110.84382791725
2025-07-11T16:58:10.060018,ENG-003,275.10726642518006,137.3207429188676,4017.728945558328
2025-07-11T16:58:11.282473,ENG-004,285.85858521873274,120.86035574346064,4192.1836210921165
2025-07-11T16:58:13.767366,ENG-003,280.278556290811,138.8400307509938,4089.4529418449843
2025-07-11T16:58:15.226910,ENG-004,274.7862861499902,131.0111272140872,4094.701157887248
2025-07-11T16:58:19.415811,ENG-001,290.5906666877074,142.08494531107303,4027.166732265994
2025-07-11T16:58:21.387457,ENG-002,246.09930489854364,129.83122086292036,4065.6233743843695
2025-07-11T16:58:25.305262,ENG-001,271.6980310655852,127.31852759645693,4069.690095410429
2025-07-11T16:58:28.745212,ENG-005,277.65496665331995,132.0172806059134,4121.913671770887
2025-07-11T16:58:30.621669,ENG-005,294.8777979273077,124.84182681450866,4103.954207866154
2025-07-11T16:58:35.314231,ENG-005,270.28899973303515,135.9331455298383,4116.639409373335
2025-07-11T16:58:37.109032,ENG-004,270.2215409972151,138.25300379717825,4142.078682409501
2025-07-11T16:58:40.917663,ENG-002,265.2294919290835,128.76889206216455,4162.473398472096
2025-07-11T16:58:45.391107,ENG-002,254.15236906203668,122.81312893669161,4189.475663050244
2025-07-11T16:58:48.124191,ENG-004,267.1459283677197,132.72453845432645,4087.5181474122833
2025-07-11T16:58:49.575019,ENG-002,260.2270777490581,123.52135504205992,4202.28507390616
2025-07-11T16:58:53.725679,ENG-002,266.04162230080163,125.67579271405684,4129.816243604894
2025-07-11T16:58:57.703571,ENG-003,289.129240537571,0.1,3984.0814529940885
2025-07-11T16:59:01.717941,ENG-001,284.9510635138543,,4027.052931171125
2025-07-11T16:59:04.697447,ENG-002,257.43732784784896,129.83886181657329,4190.964601283433
2025-07-11T16:59:07.465340,ENG-004,261.2448855473289,140.23636220693265,4015.08763406857
2025-07-11T16:59:11.331193,ENG-005,283.5048520192395,142.49623676380492,4073.3386970301003
2025-07-11T16:59:13.329321,ENG-005,283.7466742310693,148.03291464428804,4081.2647845051306
2025-07-11T16:59:16.780268,ENG-001,295.0561945968572,139.5629779154731,4040.7210439302835
2025-07-11T16:59:19.520523,ENG-004,264.1809809787967,133.73287994188945,4105.51882092518
2025-07-11T16:59:23.830978,ENG-002,265.61180127960216,133.34224400492437,4014.8468800575597
2025-07-11T16:59:27.864854,ENG-003,300.3932883292085,140.2026680460432,4070.8050246270122
2025-07-11T16:59:29.311889,ENG-002,279.15041822325145,119.38978132494502,4194.384997964416
2025-07-11T16:59:32.595529,ENG-004,275.043776195451,140.16393768335354,4147.19077091833
2025-07-11T16:59:36.547984,ENG-001,,127.6505995714517,4034.0598035189037
2025-07-11T16:59:40.876683,ENG-002,271.413890129158,138.85865461076352,4138.039692308574
2025-07-11T16:59:45.309364,ENG-002,275.52371153957074,127.45245907038263,4214.173010183878
2025-07-11T16:59:48.862989,ENG-004,278.7509695956287,124.5697785462222,4102.631589969566
2025-07-11T16:59:51.488444,ENG-004,265.06518849573996,139.61923910580038,4079.659113915114
2025-07-11T16:59:54.025528,ENG-002,276.90507489225155,128.06332087193516,4177.963588460274
2025-07-11T16:59:57.687471,ENG-005,276.35374372409234,148.1771095881831,4120.439476516765
2025-07-11T17:00:01.200609,ENG-003,306.8721006465481,146.5957956882326,4046.550335441274
2025-07-11T17:00:05.758454,ENG-003,280.13747790028964,136.85775061848636,4125.238998923027
2025-07-11T17:00:08.314245,ENG-003,290.58526572843454,133.16320480778097,4140.632210279703
2025-07-11T17:00:12.216062,ENG-003,295.21085266143643,118.79812767601027,4097.603671502923
2025-07-11T17:00:14.991321,ENG-004,280.0149632214357,129.0880004920262,4051.53489603501
2025-07-11T17:00:19.560374,ENG-004,269.9982116116852,137.9009353489985,4036.549155720837
2025-07-11T17:00:24.474634,ENG-004,281.0669616911472,118.79411536301998,4167.898573059198
2025-07-11T17:00:28.381741,ENG-005,272.0541963893615,133.12683092457647,4169.457543144937
2025-07-11T17:00:31.632561,ENG-004,262.5342783421627,129.79724368780842,4098.475226991713
2025-07-11T17:00:36.575883,ENG-001,281.49246915217634,126.58239411964375,4096.9684986111215
2025-07-11T17:00:38.196047,ENG-005,278.209983243777,138.84369036209245,4113.900531812513
2025-07-11T17:00:40.292343,ENG-005,281.12087854055216,124.39316393058259,4002.0362907335716
2025-07-11T17:00:43.331600,ENG-001,283.68741287809473,454.4841609067155,4094.4883021803475
2025-07-11T17:00:44.820932,ENG-005,278.80581553858036,137.14673788034253,4119.57243902745
2025-07-11T17:00:46.074826,ENG-005,,,3981.4930414925802
2025-07-11T17:00:49.573650,ENG-002,279.7325073695189,143.57051425214917,4179.367591478196
2025-07-11T17:00:54.526730,ENG-004,283.82960222542914,136.41783401044196,4038.221568953178
2025-07-11T17:00:56.582555,ENG-005,280.49888872158493,144.2780881981123,4143.204786285549
2025-07-11T17:00:57.827732,ENG-005,275.0443976666455,148.29625481297478,4058.9459478500785
2025-07-11T17:01:00.264319,ENG-005,288.70022844798547,130.640920235205,4171.987235908166
2025-07-11T17:01:05.036863,ENG-004,279.08976760246924,123.42873143878008,4064.7055183887182
2025-07-11T17:01:09.600542,ENG-003,287.0017202267507,132.04603964075918,3981.524722526391
2025-07-11T17:01:11.764651,ENG-004,270.9977710839774,136.7595375489466,4152.30795186395
2025-07-11T17:01:15.088790,ENG-005,263.60890770777286,122.10006087981174,4091.5805816644033
2025-07-11T17:01:17.936369,ENG-003,286.9827414547343,140.9364383976755,3932.8158512267514
2025-07-11T17:01:22.853699,ENG-002,256.1781944314308,129.97431445842946,4125.283133364126
2025-07-11T17:01:27.108923,ENG-003,301.8280618922066,157.26099284432374,4075.6253620563643
2025-07-11T17:01:29.843558,ENG-002,253.24827950697247,128.6128090289612,4218.946762366721
2025-07-11T17:01:31.010655,ENG-003,289.04811910798577,148.9259833820877,4072.979725753749
2025-07-11T17:01:33.025901,ENG-001,281.60847934456046,131.3212129775525,4038.331865739441
2025-07-11T17:01:35.709551,ENG-002,266.3662383181811,134.78989415570217,4169.737305165503
2025-07-11T17:01:37.244177,ENG-001,278.0850125224267,148.77892923942116,4165.2899924079
2025-07-11T17:01:41.213932,ENG-005,293.6629208645544,123.04564283893454,4112.631340655706
2025-07-11T17:01:45.607161,ENG-001,261.79752304496265,125.68048114750339,4117.796161934517
2025-07-11T17:01:50.093770,ENG-001,275.3296520658136,138.55870172453157,4020.296908327843
2025-07-11T17:01:51.096006,ENG-002,266.87588931340093,138.98634493409753,
2025-07-11T17:01:52.866036,ENG-001,299.43202169582645,140.86964823320437,4097.136927305269
2025-07-11T17:01:55.514560,ENG-002,285.23348173046196,134.57846690203894,4146.509731692219
2025-07-11T17:01:56.683408,ENG-004,272.7076532226131,121.3208090560258,4093.1662258747424
2025-07-11T17:01:59.210846,ENG-002,263.35738022373016,124.2020775021813,4103.917889178202
2025-07-11T17:02:03.332456,ENG-005,263.0124008790239,140.8215225121898,4085.894136292669
2025-07-11T17:02:07.223002,ENG-004,261.2189006947878,131.72605718842897,4107.754519490796
2025-07-11T17:02:09.378516,ENG-005,263.42784282602344,129.0163609058287,4146.6377146186815
2025-07-11T17:02:12.061616,ENG-001,287.017341525606,135.8280833986284,4164.425728078516
2025-07-11T17:02:15.182899,ENG-003,264.7646660834316,137.60860493946225,4031.658500038044
2025-07-11T17:02:16.297725,ENG-003,275.1727552640509,139.2339125929687,4027.260072750393
2025-07-11T17:02:19.668820,ENG-001,267.7190914754009,145.779484798892,4080.815184909531
2025-07-11T17:02:21.304428,ENG-001,278.9810321252946,128.17969647386855,4125.906831326478
2025-07-11T17:02:26.112416,ENG-004,270.5504620778057,127.5065663942196,4097.580964047953
2025-07-11T17:02:27.614171,ENG-004,280.9476032730695,144.45725873185373,4100.224059522217
2025-07-11T17:02:30.319778,ENG-004,262.6774229218098,140.76584477422142,4135.288799882965
2025-07-11T17:02:31.932337,ENG-005,284.50906922511496,135.55949830636914,4090.283901122721
2025-07-11T17:02:36.813047,ENG-005,282.43720926649684,126.68380394658641,4096.934103277171
2025-07-11T17:02:38.115945,ENG-004,875.4834944719728,118.3283515822041,4105.158246515584
2025-07-11T17:02:42.342939,ENG-005,289.03338597243334,137.83973997999001,4041.191804664674
2025-07-11T17:02:43.611250,ENG-005,287.37031809703143,131.30264370624877,4017.217757226378
2025-07-11T17:02:47.558294,ENG-003,294.9833351511637,153.5277764934687,4084.054086303979
2025-07-11T17:02:50.709620,ENG-005,277.9545846810403,131.44494247691847,4105.378227967273
2025-07-11T17:02:53.166324,ENG-001,268.78291976501043,147.04805450263592,4019.3628979024957
2025-07-11T17:02:55.813825,ENG-001,266.2576265386179,133.83442556232927,4096.292355252724
2025-07-11T17:02:57.353590,ENG-004,273.37523624098793,137.68863301842686,3984.7337825728605
2025-07-11T17:02:59.337922,ENG-003,288.3458662691986,140.75767870102618,4051.1727953903146
2025-07-11T17:03:00.707607,ENG-004,298.30106580061994,125.52617307072599,4150.6358151943505
2025-07-11T17:03:05.420535,ENG-002,260.7375939858411,126.57028099676124,4062.0263875057826
2025-07-11T17:03:09.933037,ENG-005,282.6771250108609,131.71215051574,4113.936739540505
2025-07-11T17:03:12.409392,ENG-001,265.26768019318797,143.5896194542256,4035.275169311523
2025-07-11T17:03:13.640568,ENG-002,276.14970694324825,135.41116141903166,4057.840553294826
2025-07-11T17:03:18.397137,ENG-002,269.0785967744989,465.09266314843944,4178.657500290546
2025-07-11T17:03:20.076995,ENG-005,270.6406000751543,131.450478346362,4088.8982371718057
2025-07-11T17:03:23.958969,ENG-001,283.50766248090866,134.8834362691599,4150.151821169655
2025-07-11T17:03:28.940282,ENG-003,275.6543254406786,138.17245252303786,4159.93146246973
2025-07-11T17:03:32.503359,ENG-001,287.52013847662806,150.14927879088748,4083.197125247067
2025-07-11T17:03:36.242473,ENG-002,22.759710450350553,123.28715899396703,4175.762330798359
2025-07-11T17:03:37.261584,ENG-005,283.9824373551086,126.85940821417205,4016.968947077715
2025-07-11T17:03:38.713530,ENG-001,287.3979519857825,154.75891041717392,4034.2758004813895
2025-07-11T17:03:41.189272,ENG-005,268.9147677294283,145.12345801491196,
2025-07-11T17:03:43.952792,ENG-002,270.42156864179935,130.50295464892795,4155.402018709845
2025-07-11T17:03:48.210110,ENG-005,280.65727714601286,132.94608457024472,4159.673222217195
2025-07-11T17:03:49.570726,ENG-005,271.932802624078,120.04599148829038,-240.1899426035113
2025-07-11T17:03:51.901189,ENG-001,284.0893073546423,134.2657806750546,4003.022730607134
2025-07-11T17:03:55.623993,ENG-001,271.88004249172184,142.75638167038386,4087.806848418139
2025-07-11T17:03:58.049117,ENG-003,281.9783918849215,136.0479673429283,4046.1490870899256
2025-07-11T17:04:01.133253,ENG-001,284.19569078385643,144.86371644705133,4114.9897965600985
2025-07-11T17:04:02.831746,ENG-005,265.5738809465275,130.68515087081343,4108.418346380097
2025-07-11T17:04:06.205040,ENG-001,282.3710385340983,137.26802154436763,4069.225173845844
2025-07-11T17:04:09.017465,ENG-001,297.5766006509016,138.98750418698566,4056.0979049242997
2025-07-11T17:04:10.323432,ENG-003,305.4157180529873,143.5653523925374,4096.513286222227
2025-07-11T17:04:16.709577,ENG-001,267.94232780458424,134.87877164928207,4060.44295803047
2025-07-11T17:04:20.303014,ENG-004,260.1032346873279,125.28631956025153,4050.8843268238156
2025-07-11T17:04:21.677624,ENG-005,285.51632287210316,137.06672719020753,4145.44032176501
2025-07-11T17:04:24.817028,ENG-002,270.99318794662463,116.22339377655096,4138.507173168887
2025-07-11T17:04:27.284475,ENG-002,257.86993156839037,147.71739041556845,4183.996799567641
2025-07-11T17:04:30.433484,ENG-003,291.73563891421963,146.1904005922537,4004.858034008375
2025-07-11T17:04:32.954022,ENG-004,289.5504468003728,129.26651098361782,4122.409076573202
2025-07-11T17:04:35.958581,ENG-003,263.9448648142597,137.9184604249622,3974.1465074956805
2025-07-11T17:04:37.170613,ENG-004,268.3146764668758,127.26551148040409,4124.52229831046
2025-07-11T17:04:41.036307,ENG-004,271.954899735185,126.42219819646513,4099.4174610904465
2025-07-11T17:04:44.891503,ENG-001,265.21955481484906,154.61975574828563,4053.6800323620487
2025-07-11T17:04:47.567268,ENG-004,266.9684249505514,132.02553314028214,4113.543595937755
2025-07-11T17:04:49.510089,ENG-001,276.6407641235838,130.5533490797955,4033.241685027133
2025-07-11T17:04:52.837135,ENG-002,252.24022169931155,121.11980344340351,4067.4304797401196
2025-07-11T17:04:57.639527,ENG-004,278.4112661835685,127.21499855773527,4092.9274874530975
2025-07-11T17:05:01.241144,ENG-005,263.66924475264517,133.91389701451493,4067.9542311017462
2025-07-11T17:05:04.388886,ENG-001,284.8973379667595,138.86076927394384,3993.140222619764
2025-07-11T17:05:09.321979,ENG-002,271.5081361393954,124.57993186340711,4134.539452726453
2025-07-11T17:05:11.284722,ENG-004,264.63277007873637,140.81058611239175,4110.735323810703
2025-07-11T17:05:15.495888,ENG-002,262.06062470347325,118.0022286556551,4065.3403783009207
2025-07-11T17:05:16.796050,ENG-004,275.2193472857984,132.04895802695924,4129.436649265977
2025-07-11T17:05:18.226372,ENG-002,273.41015305653997,117.86190042012768,4055.8044073747274
2025-07-11T17:05:21.812171,ENG-004,282.6591073227776,136.2052698915522,4036.7686569802213
2025-07-11T17:05:23.494558,ENG-004,279.53501403216336,127.84213096192414,4112.464300543868
2025-07-11T17:05:26.387882,ENG-004,268.5597166885155,123.8136808981768,4109.51222648309
2025-07-11T17:05:28.055812,ENG-002,263.9453632109697,138.98103040358941,4197.2638394382875
2025-07-11T17:05:32.310235,ENG-002,271.0278426256954,125.45030281993199,4132.918667917957
2025-07-11T17:05:36.471630,ENG-003,289.5623786432523,145.90516355643203,3942.8567620135273
2025-07-11T17:05:38.525160,ENG-002,260.2873471004762,114.18915658584433,4193.857670195486
2025-07-11T17:05:40.567591,ENG-005,291.64371243027097,132.7639862730939,4074.0837500634248
2025-07-11T17:05:41.716427,ENG-003,291.9002314984035,154.30468112845,3982.9689084809197
2025-07-11T17:05:43.924960,ENG-003,278.0051943257848,147.55323187435044,4064.427319554375
2025-07-11T17:05:46.890719,ENG-002,264.4129169549408,139.32326652459378,4208.502245612768
2025-07-11T17:05:48.137813,ENG-004,277.5002146595834,133.7553083949494,4037.754477695065
2025-07-11T17:05:49.260301,ENG-001,280.23299985466167,141.53778902701828,4025.9578856467992
2025-07-11T17:05:53.891023,ENG-002,275.262508250796,,
2025-07-11T17:05:58.423897,ENG-004,255.59665146682516,121.54967176926206,4199.414156585886
2025-07-11T17:06:01.808473,ENG-005,284.21070664647266,132.5741558406804,4014.9452895454033
2025-07-11T17:06:06.589498,ENG-004,270.602935216137,116.79494889312339,4132.524971905219
2025-07-11T17:06:08.123222,ENG-003,286.41512511817393,135.25988782389427,4045.031464504573
2025-07-11T17:06:12.694563,ENG-004,274.82827606925076,137.9649614666571,4077.2741989610954
2025-07-11T17:06:17.627717,ENG-005,281.7858982101156,489.16988699693184,4154.795302968509
2025-07-11T17:06:21.929566,ENG-004,272.5817587398027,131.44060456894104,4128.4303920823195
2025-07-11T17:06:24.628077,ENG-001,300.8021904052767,136.54039350032835,4122.741004359304
2025-07-11T17:06:29.221278,ENG-003,292.7260826530844,155.39191942413325,4046.366418107575
2025-07-11T17:06:33.543582,ENG-003,284.9763869543702,142.21029853405827,4080.4993840823067
2025-07-11T17:06:37.764584,ENG-003,275.2809517281072,148.13902355285924,4022.121317758751
2025-07-11T17:06:41.161572,ENG-004,275.2274586400794,124.73603220683677,4106.518403237905
2025-07-11T17:06:44.723454,ENG-004,270.1485028101713,124.27648163862698,4066.5242270764916
2025-07-11T17:06:48.112133,ENG-005,276.0432800878104,140.58778127802051,4095.0655196154107
2025-07-11T17:06:50.204411,ENG-002,264.3908650747468,129.54532828874525,4184.968514363232
2025-07-11T17:06:54.239694,ENG-005,283.3448471873662,142.32148895663275,4069.850541813055
2025-07-11T17:06:58.801338,ENG-004,290.1392326905924,120.22034912780103,4142.430647389252
2025-07-11T17:07:03.281244,ENG-001,263.95398742988135,160.61144716070808,4122.505702670507
2025-07-11T17:07:06.600484,ENG-001,285.60393038631344,144.4602329424376,4149.6563471007385
2025-07-11T17:07:08.886773,ENG-002,277.30878685978905,118.93130374048523,4135.409197315804
2025-07-11T17:07:13.465027,ENG-002,265.6985145463152,121.00889965409557,4158.450319196607
2025-07-11T17:07:15.473810,ENG-001,274.33480965814664,133.17639309930402,4015.227750596907
2025-07-11T17:07:18.453209,ENG-003,296.1660036826281,140.6589312459134,4032.1170420778885
2025-07-11T17:07:20.226094,ENG-004,278.04221696546836,115.405003889489,4128.705393941358
2025-07-11T17:07:23.373102,ENG-002,241.94029080800757,129.37910792752976,4099.757156870541
2025-07-11T17:07:25.298425,ENG-005,263.1111429637329,144.56539927709366,4121.194971579935
2025-07-11T17:07:26.867278,ENG-005,261.7445015312996,137.27143142303643,4053.001017778659
2025-07-11T17:07:30.151368,ENG-005,261.23477180856156,125.59162629912841,4137.975046849401
2025-07-11T17:07:32.043275,ENG-005,272.16242147818446,148.08226019861186,4089.0294401046763
2025-07-11T17:07:36.057245,ENG-004,254.11576855225402,140.12549299847984,4080.0749977978385
2025-07-11T17:07:38.149559,ENG-005,270.3615999687962,128.45602944278372,4075.2275070281703
2025-07-11T17:07:39.592077,ENG-001,282.1731370908179,145.50546339762218,4066.217030707864
2025-07-11T17:07:41.554364,ENG-002,248.9766233497053,105.60788549667535,4180.6335887143305
2025-07-11T17:07:46.185918,ENG-001,275.51734515582564,138.44920897513188,3979.0466667411592
2025-07-11T17:07:48.693884,ENG-003,294.77409001228057,147.27952550620267,4126.045097242069
2025-07-11T17:07:51.474764,ENG-003,277.8084772005146,162.538874725273,4003.875122990821
2025-07-11T17:07:55.573558,ENG-004,255.8997054221591,131.46971321649121,4108.888624147507
2025-07-11T17:07:58.620613,ENG-005,262.4124571706414,138.4800439364281,4156.712405253817
2025-07-11T17:08:01.515078,ENG-002,253.07465764585342,127.36413136903123,4128.795866389171
2025-07-11T17:08:06.297207,ENG-001,281.3245658951639,138.06657614946582,4040.52781688
2025-07-11T17:08:11.117205,ENG-003,282.7512506945241,139.18013405523334,4136.489178225291
2025-07-11T17:08:13.324820,ENG-005,265.7561692928797,135.66933324611898,4114.441146982971
2025-07-11T17:08:16.408127,ENG-004,248.35720869044718,129.89288224837503,4034.5311624396704
2025-07-11T17:08:20.086929,ENG-002,260.4033540734678,136.50667801507217,4253.398634788232
2025-07-11T17:08:24.234422,ENG-003,284.3937181739175,138.5145382336932,4097.3527610981
2025-07-11T17:08:28.603169,ENG-004,276.35345100562137,135.44184406377883,4076.913128160654
2025-07-11T17:08:32.007777,ENG-002,263.48837566792554,119.47037373205781,4134.3730003676665
2025-07-11T17:08:34.386830,ENG-002,255.70528850524101,132.07752163759955,9622.96299624674
2025-07-11T17:08:37.962619,ENG-002,260.31899388413365,132.19327513603136,4069.2071254630214
2025-07-11T17:08:39.202846,ENG-001,279.77226712696176,133.12292635833998,4015.5243092486153
2025-07-11T17:08:41.811324,ENG-003,278.4008416881621,132.82735364465913,4051.8008608543278
2025-07-11T17:08:43.756210,ENG-003,272.2191231501847,143.09879248041625,4001.2172621312016
2025-07-11T17:08:47.388469,ENG-003,267.51866103448504,133.12373848545622,4033.4542538031915
2025-07-11T17:08:51.979854,ENG-002,266.5568159955635,123.97466554913396,4194.687022434291
2025-07-11T17:08:54.846816,ENG-003,287.44278794706173,130.69411416453863,4134.236029310668
2025-07-11T17:08:57.793499,ENG-002,252.0542868889571,113.0120100243431,4141.015484113769
2025-07-11T17:08:59.928962,ENG-005,282.81743359635794,124.68977677639849,4000.7333706751597
2025-07-11T17:09:00.963735,ENG-001,275.3166638293842,136.1547630535478,4043.5381241824825
2025-07-11T17:09:03.720043,ENG-002,258.2900681786683,119.53822459084101,4137.966374884568
2025-07-11T17:09:05.678051,ENG-001,283.15285317939816,137.29586168290382,4056.526772234984
2025-07-11T17:09:08.390966,ENG-002,266.46131997654004,0.1,4193.138121130508
2025-07-11T17:09:10.485034,ENG-005,289.6778934695972,151.32307075664585,3990.178292667672
2025-07-11T17:09:13.687025,ENG-001,290.2696041381928,131.55896848403773,4090.8498241408947
2025-07-11T17:09:16.230069,ENG-001,288.4208385040036,146.7128434877423,4026.619699554793
2025-07-11T17:09:20.908641,ENG-001,274.3348418195713,136.2510537861682,4017.6099351071884
2025-07-11T17:09:22.987947,ENG-002,269.4666540690603,135.00213547025837,4211.783793712289
2025-07-11T17:09:25.549170,ENG-005,297.1569615398869,161.39792481686163,4158.832450889795
2025-07-11T17:09:29.021535,ENG-002,252.86684843813086,133.79703091092563,4164.914213457129
2025-07-11T17:09:31.642293,ENG-003,294.0435286630421,156.89511134505048,4139.713733151343
2025-07-11T17:09:35.715895,ENG-005,280.01437469589615,140.94824960213586,4110.711321405994
2025-07-11T17:09:39.305407,ENG-002,243.7578698551844,120.04242175848663,4147.740489705904
2025-07-11T17:09:41.052605,ENG-004,272.9848636256656,137.14335534906638,4064.740985670311
2025-07-11T17:09:42.983448,ENG-001,286.3201336156916,134.83348558029164,4061.983825918573
2025-07-11T17:09:46.346040,ENG-002,264.33410731941655,131.0262362159752,4198.543605911175
2025-07-11T17:09:48.280027,ENG-005,271.5736469249295,138.23883174238296,4058.3276306940847
2025-07-11T17:09:53.132240,ENG-002,245.98123013067624,124.00767435370868,4205.657383679108
2025-07-11T17:09:55.284268,ENG-002,256.97261006385355,125.53486650956108,4199.134790526398
2025-07-11T17:09:59.536147,ENG-002,250.67880320455197,119.20310816881806,4194.972635965368
2025-07-11T17:10:02.850695,ENG-001,274.45630761411087,134.5751923933784,3974.4177183403103
2025-07-11T17:10:04.280766,ENG-005,282.15031980078913,134.04248252659434,4033.8071882840063
2025-07-11T17:10:05.430328,ENG-004,273.4602271639409,141.28384783315278,10238.571891078987
2025-07-11T17:10:07.131500,ENG-004,258.05056778059884,137.33540838479908,4149.073423185876
2025-07-11T17:10:10.254830,ENG-003,303.2821896000472,137.05727780350654,3994.611100516162
2025-07-11T17:10:13.240613,ENG-002,260.94377952967466,120.79896048361817,4175.097544910964
2025-07-11T17:10:17.614836,ENG-003,279.0994000393601,130.96999458488494,4059.322235396063
2025-07-11T17:10:19.193924,ENG-004,261.8006596367906,135.01472055459578,4085.239746876784
2025-07-11T17:10:21.136932,ENG-003,280.9520493491822,135.40659587547867,4068.841985702555
2025-07-11T17:10:22.446909,ENG-003,295.04141878394773,152.8383089861593,4107.009479388559
2025-07-11T17:10:26.990938,ENG-002,247.6503915995064,114.28865139980468,4193.147077350061
2025-07-11T17:10:30.143765,ENG-001,282.8597883042606,139.38339327938655,4062.119027986542
2025-07-11T17:10:32.361644,ENG-002,259.96304129877086,117.38586665704217,4173.62204406981
2025-07-11T17:10:36.416566,ENG-004,274.8176903117125,126.15981980500727,4112.3695107511585
2025-07-11T17:10:40.345948,ENG-001,285.90955761514243,130.24381179260763,4079.3673364355814
2025-07-11T17:10:44.049460,ENG-001,286.9324652142749,133.23486934113865,4034.932248046883
2025-07-11T17:10:47.387687,ENG-002,253.14826886872962,0.1,4106.626225161641
2025-07-11T17:10:51.662242,ENG-002,261.99509437459227,117.30268740734822,4259.191696342921
2025-07-11T17:10:55.874045,ENG-005,283.5468275765303,128.4564244524048,4092.2825477671463
2025-07-11T17:11:00.384627,ENG-003,289.17027262413063,147.84002093511515,3995.9938234663177
2025-07-11T17:11:03.946199,ENG-001,279.73900770797445,124.74346603412701,4138.378001170144
2025-07-11T17:11:04.984565,ENG-003,287.09769607548964,133.9675774474829,4088.7150557455025
2025-07-11T17:11:06.293112,ENG-003,280.90286954102277,137.60323664223392,4163.774845559159
2025-07-11T17:11:07.569780,ENG-005,284.93904459258846,472.31011870467046,4138.431472498872
2025-07-11T17:11:11.779384,ENG-003,283.3606418916606,146.4714776062196,4026.9859665942904
2025-07-11T17:11:13.676321,ENG-005,290.87720168806464,133.32970355667888,4111.005299048556
2025-07-11T17:11:17.125466,ENG-005,282.99340614153544,134.61019414089932,4070.5961277973784
2025-07-11T17:11:19.439830,ENG-002,257.77579590983504,130.63298106044135,4072.110940136194
2025-07-11T17:11:20.923413,ENG-004,280.48240454280216,133.16289214974438,4137.135638988376
2025-07-11T17:11:24.289433,ENG-002,262.5296154918667,123.23027272282735,4168.716943845745
2025-07-11T17:11:27.331350,ENG-004,272.24200850566757,132.01219260969503,4071.4167367241644
2025-07-11T17:11:32.188849,ENG-001,281.2914518577675,140.65282994767784,3900.9022865222346
2025-07-11T17:11:36.106856,ENG-003,295.3316871949849,143.31136709689994,4040.29110028446
2025-07-11T17:11:37.296708,ENG-004,,130.7812985604405,4102.362099907216
2025-07-11T17:11:42.225931,ENG-005,293.1246758000364,143.58502603061964,4080.638608298635
2025-07-11T17:11:46.188708,ENG-001,280.8626722622375,130.8772327729471,4034.5064113713206
2025-07-11T17:11:48.735782,ENG-004,270.457903250498,131.85902289932102,4105.075437125977
2025-07-11T17:11:52.522709,ENG-001,291.8790073894258,138.50742715127578,4026.3226211609685
2025-07-11T17:11:57.303058,ENG-002,258.7728313069131,128.3483122570606,4191.418419594353
2025-07-11T17:12:00.085801,ENG-005,278.38994074158956,138.35422365794182,4052.1572271240607
2025-07-11T17:12:04.121252,ENG-003,294.03960534837023,140.8263433072328,3993.382793925806
2025-07-11T17:12:06.024998,ENG-003,294.7298804765681,141.39987005655664,3959.2788994865305
2025-07-11T17:12:09.479020,ENG-002,259.67086273635726,132.2771783226585,4248.452650501219
2025-07-11T17:12:10.881021,ENG-001,269.7805549079653,148.98269280091102,4134.719986408848
2025-07-11T17:12:13.226520,ENG-005,270.77532774765115,139.2076127226664,4029.1775452441952
2025-07-11T17:12:18.086815,ENG-002,273.635921153218,135.8085852422301,4149.961355997612
2025-07-11T17:12:19.868495,ENG-002,265.3004399634251,115.40968367092755,4169.237403374043
2025-07-11T17:12:23.865131,ENG-005,295.4146895688764,118.44844403405378,4047.7373151249585
2025-07-11T17:12:25.174683,ENG-003,287.2314717999037,112.32557201607678,
2025-07-11T17:12:27.972124,ENG-003,285.9691072657613,136.99828888761212,3990.8283722394854
2025-07-11T17:12:29.856691,ENG-002,260.115509667872,114.54171755162736,4277.8006008213315
2025-07-11T17:12:30.987763,ENG-003,292.2743322118367,149.74085352504596,4085.924395849706
2025-07-11T17:12:34.654812,ENG-002,274.06495962396843,127.18750053542556,4100.823945201984
2025-07-11T17:12:39.507814,ENG-001,274.6761956993844,120.58539544676927,4105.647174200177
2025-07-11T17:12:43.431605,ENG-002,248.97393909160456,131.0235867092594,4191.0820634596075
2025-07-11T17:12:45.740774,ENG-003,287.7258447025132,146.4313560323498,3990.3890507266483
2025-07-11T17:12:50.009116,ENG-004,283.6401567659815,131.20850849933063,4090.9663920640924
2025-07-11T17:12:51.640034,ENG-002,974.8440026257133,122.99960989934105,4132.657064111165
2025-07-11T17:12:56.292680,ENG-005,290.7129277807904,132.60870952038326,4162.848692454813
2025-07-11T17:12:59.922162,ENG-002,266.27056656374987,140.86472958080637,4124.838172954601
2025-07-11T17:13:02.091395,ENG-004,279.354225703918,134.54068552107876,4065.4161503094774
2025-07-11T17:13:05.592068,ENG-005,269.82137831624357,129.45323534861348,4031.5376975380063
2025-07-11T17:13:09.887191,ENG-003,291.83037457438036,142.77228025439285,4077.9924201900703
2025-07-11T17:13:12.676087,ENG-001,294.92747550350913,120.13661478667296,4057.3036035177856
2025-07-11T17:13:16.829243,ENG-002,267.79635629657554,127.56631161613755,4191.845304351937
2025-07-11T17:13:19.256210,ENG-001,291.9977235883929,,
2025-07-11T17:13:21.176364,ENG-003,290.3786532687792,147.22055894234447,4070.0042070357595
2025-07-11T17:13:23.441503,ENG-002,256.0948669291537,116.43298566970525,4186.663863117408
2025-07-11T17:13:28.050020,ENG-001,277.0622650123247,144.16484512077264,4139.043161386404
2025-07-11T17:13:31.373907,ENG-001,280.11368645897784,134.28948054189217,4028.3817601765345
2025-07-11T17:13:35.533299,ENG-001,284.78341057184986,142.44320457587278,4046.321982480178
2025-07-11T17:13:37.776797,ENG-005,,146.19976260689748,4113.800536635548
2025-07-11T17:13:41.626808,ENG-002,279.89382212135024,127.38357155324897,4215.852388170362
2025-07-11T17:13:42.837357,ENG-005,282.7846847277249,137.8426195572463,4081.5499956527838
2025-07-11T17:13:46.563733,ENG-004,283.8391882023077,126.92898848033563,4029.7851407461158
2025-07-11T17:13:50.666817,ENG-002,268.1909331386195,133.3243487154982,4130.849103064629
2025-07-11T17:13:54.417168,ENG-005,280.7371633493989,116.3255185422617,4155.30823083515
2025-07-11T17:13:56.169850,ENG-002,261.6923932808301,121.25818110497306,4165.0352752400395
2025-07-11T17:14:00.231829,ENG-003,295.2601449987986,141.46406981128672,4057.625333565848
2025-07-11T17:14:01.263901,ENG-002,,133.54475174906165,4124.5749277178
2025-07-11T17:14:02.402154,ENG-004,283.23444390682613,133.2607593158714,4024.4821902854533
2025-07-11T17:14:07.008001,ENG-005,280.61660466669747,142.22761879511228,4069.860109922645
2025-07-11T17:14:11.739329,ENG-004,278.06389327110304,130.7857909371684,4067.2845648677303
2025-07-11T17:14:16.000629,ENG-004,257.42359223937126,135.28170089998736,4136.407208668446
2025-07-11T17:14:19.137182,ENG-003,279.8707683307117,142.1853039319743,3989.4970114912962
2025-07-11T17:14:22.319393,ENG-004,265.68795983114705,130.90067146760933,4084.6944156926265
2025-07-11T17:14:26.124510,ENG-002,273.87884226325605,113.17055877527334,4163.5516777119765
2025-07-11T17:14:27.360354,ENG-001,280.7735080349546,137.2877028692654,4125.3534422602115
2025-07-11T17:14:29.582805,ENG-004,271.8112945798495,131.11604784432927,4081.3071228988906
2025-07-11T17:14:31.970354,ENG-001,256.9710225680242,125.46409382278965,4057.6538998493547
2025-07-11T17:14:33.806934,ENG-004,271.81948088845485,145.58037167354018,3960.6988202481516
2025-07-11T17:14:35.657607,ENG-004,285.26837572674754,136.7233035724567,4152.038813767818
2025-07-11T17:14:37.482198,ENG-003,277.0194767833055,141.6796199407514,4035.8789150858606
2025-07-11T17:14:42.284193,ENG-002,236.88965918065944,119.13633723986906,4135.057661511348
2025-07-11T17:14:43.462349,ENG-005,276.64684024073455,131.0228395889631,4076.020553062305
2025-07-11T17:14:46.795273,ENG-002,29.465406188647023,121.06419622750475,4057.825472196311
2025-07-11T17:14:49.558975,ENG-005,,,4090.7878669168026
2025-07-11T17:14:52.094898,ENG-001,269.04934996895145,156.84106639825927,4051.7636274164865
2025-07-11T17:14:54.408585,ENG-004,277.1040290617109,131.59152035936913,4067.7049699271743
2025-07-11T17:14:57.389384,ENG-001,293.02364919397854,138.11419695814615,4001.7641803495103
2025-07-11T17:15:01.811109,ENG-005,419.73528629834107,136.10538347678968,4108.032481803703
2025-07-11T17:15:05.090349,ENG-002,257.5738431115454,126.38078854284507,4155.770903232744
2025-07-11T17:15:08.675572,ENG-002,253.36160537701755,136.51773995472954,4166.842107664721
2025-07-11T17:15:10.439297,ENG-002,261.1620493259107,123.33651316330072,4165.519837275675
2025-07-11T17:15:15.279503,ENG-002,276.3476846498333,114.66378231410614,4028.554483694532
2025-07-11T17:15:19.244376,ENG-005,285.28643630113515,136.91746871769288,4148.754819460117
2025-07-11T17:15:20.698360,ENG-003,275.31836417226725,138.51754842588753,4058.5329821958576
2025-07-11T17:15:21.813748,ENG-005,279.90257660360857,137.67471924939773,4077.2485290332456
2025-07-11T17:15:23.469238,ENG-003,287.9968275024287,0.1,3948.5506869497403
2025-07-11T17:15:28.181202,ENG-005,267.86643074297774,137.5914280922818,4073.043277906897
2025-07-11T17:15:30.376496,ENG-005,280.23817021793724,127.0527333214993,4073.9497046983256
2025-07-11T17:15:34.044113,ENG-004,291.3259530221242,126.13636580622196,4187.014282934727
2025-07-11T17:15:36.290587,ENG-004,270.8076338123002,121.36981575111405,4162.18622956313
2025-07-11T17:15:38.646861,ENG-004,263.43068330832523,121.84704078301846,4094.703701916958
2025-07-11T17:15:42.252264,ENG-004,285.9803921371685,127.82146226998374,4124.2293396314
2025-07-11T17:15:43.686603,ENG-003,289.1785668506835,145.6240867132419,4065.9903952338864
2025-07-11T17:15:48.055556,ENG-002,264.888557351491,128.13699708236805,4158.645370703814
2025-07-11T17:15:49.664711,ENG-003,290.9553686065427,139.11252058597412,4057.342816620042
2025-07-11T17:15:54.350764,ENG-001,280.22764140643,138.33362979967146,4118.711635200233
2025-07-11T17:15:56.895416,ENG-005,273.6265190521579,127.12788167963002,4062.7697239212753
2025-07-11T17:15:58.106017,ENG-001,283.4294744144853,147.53665980135452,4095.743385986006
2025-07-11T17:16:01.081296,ENG-002,256.0875888365877,128.2216166354911,4066.7016458100634
2025-07-11T17:16:03.010133,ENG-003,285.71738059838674,152.8825974567053,3947.777933106006
2025-07-11T17:16:07.645023,ENG-002,734.5511523350003,119.98951001868662,4166.947375570204
2025-07-11T17:16:08.928978,ENG-002,,126.94711129462468,
2025-07-11T17:16:10.124930,ENG-002,283.42638922202576,124.2837948067792,11689.16961962603
2025-07-11T17:16:11.327091,ENG-004,279.87866666614923,135.6952321947097,4175.466784648685
2025-07-11T17:16:12.491760,ENG-003,288.73415930969264,130.39473684253437,4094.380712182798
2025-07-11T17:16:15.422772,ENG-001,278.88267534110076,130.37121023973606,4054.616663754965
2025-07-11T17:16:19.996213,ENG-002,266.4125047680908,113.78988453780781,4122.704692880096
2025-07-11T17:16:23.119890,ENG-003,284.8479221235426,145.9781092932904,3998.125353131393
2025-07-11T17:16:27.101998,ENG-002,271.4353121648983,131.759072175166,4092.3419811016347
2025-07-11T17:16:29.393655,ENG-002,256.13846706851916,128.39612170189883,4152.601544704505
2025-07-11T17:16:32.954639,ENG-005,284.52976333585013,122.85739621367787,4039.924075975826
2025-07-11T17:16:35.103003,ENG-005,283.4658245482665,132.71943365086008,4077.0222591867127
2025-07-11T17:16:37.253082,ENG-001,284.4301432621875,135.52987847467614,4148.321196713762
2025-07-11T17:16:38.380829,ENG-001,273.78936242149456,144.1590085647892,11917.892738368068
2025-07-11T17:16:42.507308,ENG-005,,151.42771897722773,4035.8728565584456
2025-07-11T17:16:47.312520,ENG-005,275.06283831465197,486.32178363274767,3996.283814420491
2025-07-11T17:16:50.893004,ENG-002,263.892653199348,127.14904568920076,4214.261002426639
2025-07-11T17:16:52.644260,ENG-003,292.9829276713527,129.85669240214082,4119.807022493132
2025-07-11T17:16:56.917222,ENG-004,271.0845810362948,114.79715225144463,4109.427126550229
2025-07-11T17:17:01.695735,ENG-003,299.6083967895086,141.9399236616248,4114.164785255429
2025-07-11T17:17:06.424029,ENG-003,280.1349688425587,150.4986877423853,4115.952690716596
2025-07-11T17:17:10.396039,ENG-003,292.92504154343914,144.4183841335033,4054.3540219027022
2025-07-11T17:17:11.473195,ENG-005,261.28412810299693,144.43446145093637,4090.210933382762
2025-07-11T17:17:15.735151,ENG-001,275.9903539638352,133.38813868336146,4145.3097404286045
2025-07-11T17:17:18.362178,ENG-002,270.46916431472033,120.00932680236349,4129.915404630736
2025-07-11T17:17:21.798925,ENG-005,275.7123381909251,128.95390439597315,4067.3221270448244
2025-07-11T17:17:23.104120,ENG-004,259.26017264655076,141.13823438014828,4139.8599566812
2025-07-11T17:17:24.456069,ENG-001,275.3703625684784,144.96755796772226,4021.527155373514
2025-07-11T17:17:25.773617,ENG-002,259.9742194392623,123.25942479834178,4143.8347248188265
2025-07-11T17:17:29.523193,ENG-003,290.8888838829936,148.00570640852112,3984.3609605349307
2025-07-11T17:17:33.450521,ENG-002,251.20856665212034,119.91472817753157,4115.193106382102
2025-07-11T17:17:37.795313,ENG-005,276.7922180049425,130.12594891323093,3996.1436543189825
2025-07-11T17:17:41.827583,ENG-001,283.30410932501434,145.83709587595428,4048.5353794857897
2025-07-11T17:17:44.971831,ENG-005,277.6511041398625,138.72419827386412,4104.1759561132585
2025-07-11T17:17:47.878730,ENG-002,252.97747791203685,130.94911835022876,4030.2928346316153
2025-07-11T17:17:50.974701,ENG-005,280.9323376374759,135.06545826566452,4131.1358327426715
2025-07-11T17:17:55.417812,ENG-005,281.17902484815625,128.87850754500204,4026.467605298836
2025-07-11T17:18:00.139141,ENG-003,284.30042792669735,137.5037184175473,4060.356871558763
2025-07-11T17:18:03.152448,ENG-001,278.73088155755755,137.72830197055015,4048.8694891957757
2025-07-11T17:18:07.109423,ENG-001,281.6212292521336,119.97793661845513,4102.389192497619
2025-07-11T17:18:11.587868,ENG-005,271.68524649069053,148.13191385170765,4028.6515855459506
2025-07-11T17:18:16.215376,ENG-002,268.57844798507267,116.17464000241658,4088.638149358778
2025-07-11T17:18:20.290513,ENG-001,271.78944877831094,121.42369296917718,4076.0032529865043
2025-07-11T17:18:23.968865,ENG-004,275.3988174681379,140.0805582363132,4173.050455232215
2025-07-11T17:18:26.229542,ENG-005,268.39604490957396,146.3573713715782,4101.927296484077
2025-07-11T17:18:28.547085,ENG-003,310.46149054706996,141.14357902847277,4037.0509602581183
2025-07-11T17:18:31.278912,ENG-002,250.45116101902175,121.93811682639769,4151.282575393205
2025-07-11T17:18:32.888009,ENG-004,292.3478012973659,146.5356416988257,4116.872804479664
2025-07-11T17:18:33.978691,ENG-005,280.77709486658523,135.59088644733853,4014.991875495851
2025-07-11T17:18:36.393157,ENG-005,274.77912235841046,148.13306758997228,4050.279858828441
2025-07-11T17:18:38.993883,ENG-003,286.5424148194271,155.34698764751263,4013.0298868164546
2025-07-11T17:18:40.800802,ENG-001,288.7493216069299,141.73062021957296,4082.2448725370296
2025-07-11T17:18:45.740494,ENG-003,293.1086555583351,141.08894347887363,4029.434926168901
2025-07-11T17:18:47.675608,ENG-005,267.59564299717,141.46476890941497,4037.9675795844323
2025-07-11T17:18:49.830931,ENG-003,280.1601613426554,147.55640605389374,4094.998176285477
2025-07-11T17:18:52.373310,ENG-005,271.1181452393612,133.15831771022266,4081.4712880178113
2025-07-11T17:18:54.559265,ENG-001,284.54292504144325,141.98824799748525,4075.8848375042585
2025-07-11T17:18:56.568712,ENG-005,272.50135426101485,454.8471914094991,4138.0828237872665
2025-07-11T17:18:58.388798,ENG-004,283.25626880162383,139.40245070113502,4103.266684444316
2025-07-11T17:18:59.937596,ENG-001,280.5835322405709,127.50512648846104,4102.037002817825
2025-07-11T17:19:01.347463,ENG-004,271.04146722881393,133.08014588366348,4027.7071550442556
2025-07-11T17:19:03.498056,ENG-002,265.0064132352813,130.01246303387373,4130.081987690515
2025-07-11T17:19:05.849638,ENG-002,253.3858304555945,115.30778976428566,4163.578398479002
2025-07-11T17:19:09.720844,ENG-003,281.3445223072232,152.6174088591629,4041.267436111973
2025-07-11T17:19:12.382632,ENG-004,285.1818061222288,123.96724370951199,4103.743002746162
2025-07-11T17:19:14.734892,ENG-003,288.9543553016838,138.85952811698965,4084.453399642869
2025-07-11T17:19:16.675155,ENG-002,264.2452244024403,123.28235734932677,4063.7053394371137
2025-07-11T17:19:21.201063,ENG-004,276.5568958431749,136.29748016011413,4046.9391795055744
2025-07-11T17:19:25.429476,ENG-001,294.7592989219743,155.43698689052297,4119.514713303888
2025-07-11T17:19:29.035334,ENG-005,287.3055520749821,131.74852927867937,4072.5094390730305
2025-07-11T17:19:30.321067,ENG-002,264.59231245678296,123.35872722153152,4147.732158705453
2025-07-11T17:19:33.907853,ENG-004,268.13128610855676,129.16624292109958,4043.224736434235
2025-07-11T17:19:38.708252,ENG-005,277.103880963207,120.37200680928277,4038.9128011003518
2025-07-11T17:19:41.188780,ENG-001,286.0182207468282,133.47898035928048,4023.430738659039
2025-07-11T17:19:44.414198,ENG-003,276.0118830086871,150.84109805029848,4014.539778527029
2025-07-11T17:19:48.338841,ENG-004,269.0248813868421,137.41340292870265,4067.277584598667
2025-07-11T17:19:49.769417,ENG-005,271.43304825273594,145.22193929547765,4079.5796296805333
2025-07-11T17:19:52.039143,ENG-004,287.4105744268485,139.0140688237699,-227.27750562322376
2025-07-11T17:19:56.386087,ENG-001,265.71300213938645,138.29875867151475,4055.1668636975596
2025-07-11T17:19:58.136287,ENG-002,274.88821122980687,117.66659324477814,4175.587976749373
2025-07-11T17:20:00.955820,ENG-004,288.4634096857043,138.84545436155918,4015.778695563495
2025-07-11T17:20:04.327370,ENG-002,258.8772521856041,113.53891009993089,4181.580963096062
2025-07-11T17:20:05.768001,ENG-003,293.75244822148414,142.76403442441807,4002.9192188550846
2025-07-11T17:20:07.102629,ENG-003,301.7589895795057,130.91820557611845,4070.7390870499275
2025-07-11T17:20:09.533854,ENG-002,247.59339234331327,111.40949630967815,4091.506813271495
2025-07-11T17:20:11.412115,ENG-002,278.4975226978502,124.52686068792205,4184.855825744684
2025-07-11T17:20:15.763916,ENG-005,275.4639793552713,115.3738956077592,4131.2985541987455
2025-07-11T17:20:20.148783,ENG-002,267.6785879388626,498.39330087430926,4128.053561415386
2025-07-11T17:20:21.355219,ENG-005,278.684484835515,137.10038659725822,4063.157247927278
2025-07-11T17:20:25.944400,ENG-003,308.837515710752,124.487069969467,4091.487465870067
2025-07-11T17:20:30.067135,ENG-002,268.8496673631108,118.09711769661027,4088.3725253431935
2025-07-11T17:20:34.643501,ENG-003,304.0667132630523,152.08928136941438,4039.5454314541817
2025-07-11T17:20:38.952074,ENG-002,278.9712211984646,124.11432374261206,4083.172437001534
2025-07-11T17:20:41.594986,ENG-004,276.0377121502866,139.85472716504384,4087.44744675155
2025-07-11T17:20:46.134189,ENG-003,282.9753648909718,140.73692102999436,4073.1612455294717
2025-07-11T17:20:48.621005,ENG-004,260.3143810902952,0.1,4108.531973424515
2025-07-11T17:20:51.653858,ENG-002,261.019036376057,109.60636579084013,4209.304671107358
2025-07-11T17:20:54.492545,ENG-004,285.10000738810646,131.4191919258229,4103.846315542119
2025-07-11T17:20:58.266246,ENG-003,270.051993178614,133.15513688159592,3959.484972272301
2025-07-11T17:21:01.181016,ENG-004,270.0490156291358,132.47289858442988,4093.06883745934
2025-07-11T17:21:02.571407,ENG-005,279.025077344606,136.25521397215653,4122.687009478326
2025-07-11T17:21:07.547010,ENG-003,291.38609739183636,156.41867183813628,4041.475542337794
2025-07-11T17:21:11.521204,ENG-001,295.3765991507507,136.4984869227144,4004.185556660259
2025-07-11T17:21:16.076841,ENG-001,285.0114487136675,130.66562653115912,4128.242572014935
2025-07-11T17:21:18.787408,ENG-002,255.74044866312542,112.0028293808984,4105.708737316745
2025-07-11T17:21:22.571754,ENG-001,281.7554129180433,149.74827769484654,4029.882587542991
2025-07-11T17:21:26.692417,ENG-004,275.2366905625499,127.98048920368542,4045.0038311514895
2025-07-11T17:21:29.286577,ENG-004,266.1735986842812,124.74869888473903,4134.120265976211
2025-07-11T17:21:34.226089,ENG-005,260.73524187462846,126.48283622074801,4127.214663046968
2025-07-11T17:21:37.021014,ENG-003,274.2387923798718,135.59139564123774,4018.3428593942326
2025-07-11T17:21:40.108311,ENG-001,275.0328983512434,136.8322162320943,4177.777117451387
2025-07-11T17:21:44.677716,ENG-004,268.6519460805376,126.84655998592608,4080.7795951144876
2025-07-11T17:21:48.490641,ENG-001,304.61749122382435,138.08450033164397,4210.778606907028
2025-07-11T17:21:51.576832,ENG-003,,,4041.9637416623323
2025-07-11T17:21:56.180498,ENG-002,256.82345485503055,132.3055973709982,4030.3938881277386
2025-07-11T17:21:59.981334,ENG-005,278.03545389142016,151.63900337592875,4119.70020051557
2025-07-11T17:22:01.944358,ENG-003,296.9786567016046,142.24920997827437,4020.566163261836
2025-07-11T17:22:05.363792,ENG-005,278.10485480540837,137.82855346719646,4051.246340687549
2025-07-11T17:22:08.859207,ENG-004,287.7703387838194,115.82567768763852,4143.687361343374
2025-07-11T17:22:13.377280,ENG-001,282.1206448698358,132.0536344938895,4036.98934676257
2025-07-11T17:22:15.445123,ENG-004,272.6710356770706,123.56571506702721,4062.872497785169
2025-07-11T17:22:18.295913,ENG-002,81.44258852513501,121.72973913219451,4045.620503375621
2025-07-11T17:22:20.276305,ENG-002,259.02564980107735,121.89150908130694,
2025-07-11T17:22:24.391548,ENG-002,252.4991402057872,105.90410301524217,4183.912124265694
2025-07-11T17:22:26.558320,ENG-005,271.2944381600063,135.3689681729758,4066.2414735203824
2025-07-11T17:22:29.906699,ENG-004,275.2880174200929,131.18158017707992,4048.125093457279
2025-07-11T17:22:31.420215,ENG-005,285.0130529395162,140.9182480607447,4108.705329371735
2025-07-11T17:22:35.383118,ENG-002,268.81296423558035,116.15946427078329,4137.069478960517
2025-07-11T17:22:38.208171,ENG-003,294.30423524789063,135.46883407896735,4063.7739132710185
2025-07-11T17:22:42.564540,ENG-005,282.92168741169843,149.87533745874626,4074.4186672877677
2025-07-11T17:22:44.121584,ENG-005,281.68221435051714,135.78180781748173,4047.986629343622
2025-07-11T17:22:47.083492,ENG-003,286.2226334410315,141.655560051491,4000.543076707009
2025-07-11T17:22:51.753201,ENG-005,263.81253207747045,138.08200289209924,4088.033057971202
2025-07-11T17:22:53.203652,ENG-005,283.06527292259983,129.35911829108667,4081.32116181493
2025-07-11T17:22:57.516855,ENG-002,259.4255359852248,135.22260403535412,4184.328461083837
2025-07-11T17:23:00.632667,ENG-001,277.4749245921585,142.64929361102367,4128.830811528279
2025-07-11T17:23:04.607367,ENG-005,266.68665697843755,138.97264528412236,4089.8721155036233
2025-07-11T17:23:06.218398,ENG-003,289.0250239475572,139.55959732766928,4102.472869558075
2025-07-11T17:23:09.162586,ENG-004,282.66462852403555,134.92070971564445,4102.381075950921
2025-07-11T17:23:13.832191,ENG-002,258.03262581693247,128.3035129660936,4225.7280443071495
2025-07-11T17:23:18.720823,ENG-005,295.17067425007815,124.31783355959669,4003.880277662654
2025-07-11T17:23:22.730429,ENG-001,275.69549346568493,135.1655237948305,4079.9050783771013
2025-07-11T17:23:24.427203,ENG-005,,139.23395475234443,4096.682730588071
2025-07-11T17:23:26.791675,ENG-003,289.39818035846315,137.07090099566574,4119.763459371944
2025-07-11T17:23:28.433435,ENG-002,264.13205904931215,120.84429303348506,4198.868757244888
2025-07-11T17:23:30.774215,ENG-005,281.06653728550367,140.0192567135756,-236.42522443431795
2025-07-11T17:23:35.113060,ENG-001,290.1543886896641,138.3133455470508,4074.4129822688224
2025-07-11T17:23:36.972453,ENG-004,273.43686890816076,130.50609961964508,4166.350759148685
2025-07-11T17:23:40.251211,ENG-001,295.661169216853,151.5299719260611,4153.484402193805
2025-07-11T17:23:42.815920,ENG-005,269.7285642063643,124.41742689439803,4044.913026326669
2025-07-11T17:23:45.973329,ENG-001,291.7180882705819,140.3106811670007,4138.838943564851
2025-07-11T17:23:50.662113,ENG-002,251.58379083579177,126.62787093130886,4143.7478852131335
2025-07-11T17:23:52.953100,ENG-004,274.14521762406764,137.57512255465713,4152.714748202431
2025-07-11T17:23:56.258011,ENG-002,275.74367337326123,120.62519293855568,4093.944707590784
2025-07-11T17:23:57.782994,ENG-001,274.0385598888079,140.26938487670213,4154.176847446114
2025-07-11T17:24:00.855370,ENG-005,298.9903049423758,125.17983379522161,4067.3814939333224
2025-07-11T17:24:02.097268,ENG-004,271.33226761599434,124.74119189329681,4112.692252645833
2025-07-11T17:24:03.320522,ENG-002,253.52279003955465,132.09574201685962,4224.8984096450995
2025-07-11T17:24:06.831051,ENG-004,247.88339350756354,141.50125033746676,4139.550155347139
2025-07-11T17:24:11.626544,ENG-001,291.80200021534284,,
2025-07-11T17:24:14.354289,ENG-005,276.27631630030555,133.99059081435541,4098.953419997367
2025-07-11T17:24:15.609627,ENG-003,284.2530009928498,138.10907794256474,4038.9962103214048
2025-07-11T17:24:17.357853,ENG-005,281.17843900856076,121.03680295248105,4139.89015619735
2025-07-11T17:24:21.498629,ENG-004,277.22106805329304,141.1545342221425,4085.810299841067
2025-07-11T17:24:22.991571,ENG-002,243.76748465392328,117.48156809750849,4184.682336196162
2025-07-11T17:24:25.086019,ENG-004,277.7996057193847,132.8511099281339,4089.938467558939
2025-07-11T17:24:28.731317,ENG-002,248.24251367110443,123.9791784134716,4014.1363880570707
2025-07-11T17:24:30.588351,ENG-005,263.7906933327711,136.59886623043195,4099.0737349019455
2025-07-11T17:24:32.899840,ENG-001,259.0399925152134,130.07932577077483,4075.730320892169
2025-07-11T17:24:35.114475,ENG-004,273.0354145423069,131.2071560862877,4153.69609546447
2025-07-11T17:24:37.168052,ENG-001,292.65766761241173,151.35070494252972,4010.3599064307346
2025-07-11T17:24:39.435989,ENG-004,270.4576846234568,129.80332835130736,4097.178637414203
2025-07-11T17:24:43.947193,ENG-002,275.3923716161081,131.8130140883609,4088.4541601084484
2025-07-11T17:24:48.249590,ENG-005,270.40210306960375,126.61903896205109,4068.531451107071
2025-07-11T17:24:52.140310,ENG-001,264.6418328898171,134.70264923003654,4069.462204976978
2025-07-11T17:24:55.757603,ENG-005,282.2849856802885,125.72852419102291,4131.747560614894
2025-07-11T17:24:59.266438,ENG-004,288.596531659291,121.22711030650969,4150.7487791276235
2025-07-11T17:25:02.805022,ENG-005,259.0770662155016,136.38069157132338,4151.482871134373
2025-07-11T17:25:03.859853,ENG-003,259.47796450936397,135.67776612046637,4004.4764449609447
2025-07-11T17:25:06.339076,ENG-002,266.5827824698932,120.62674740580182,4159.679728562176
2025-07-11T17:25:07.569654,ENG-005,258.77484992505913,144.7168871333312,4101.618284925877
2025-07-11T17:25:09.317443,ENG-002,259.42636138926053,114.8589913786829,4225.224242911267
2025-07-11T17:25:12.498224,ENG-003,297.8418968005442,133.57599411059533,4044.2337612806873
2025-07-11T17:25:16.805602,ENG-001,294.88812721701646,135.144065726894,4128.933718213861
2025-07-11T17:25:21.198831,ENG-001,274.6538365730091,137.26108065070923,4006.2303243740016
2025-07-11T17:25:24.783778,ENG-005,277.6597699919618,125.74486509809726,4169.919222619974
2025-07-11T17:25:27.895064,ENG-001,294.77108282648317,144.30085698719498,4141.107175779265
2025-07-11T17:25:32.463640,ENG-003,275.22581721738334,154.7665177034559,4144.349112978235
2025-07-11T17:25:35.238414,ENG-004,268.63862489684783,141.392404725702,4200.811602997178
2025-07-11T17:25:37.086019,ENG-002,265.48678493155654,120.11792216563533,4094.4073069340225
2025-07-11T17:25:41.313560,ENG-003,290.9462806690043,141.1457424152565,4161.650333656473
2025-07-11T17:25:43.065842,ENG-004,285.540318219935,128.77210784837501,4151.777214722222
2025-07-11T17:25:46.262215,ENG-001,267.7641480015593,136.3709653179372,4016.481308672735
2025-07-11T17:25:50.185501,ENG-005,,128.02972097695695,4033.334263521844
2025-07-11T17:25:52.184530,ENG-001,282.3596152811203,131.8359348437839,4104.940667806203
2025-07-11T17:25:54.017103,ENG-005,285.0903550802946,133.54833589963806,4182.844640135992
2025-07-11T17:25:56.773319,ENG-003,282.53352513309835,135.7493307240638,4046.3163754209318
2025-07-11T17:25:57.995437,ENG-005,272.323685172074,130.69308878147223,4113.780291981581
2025-07-11T17:26:02.847049,ENG-005,277.6134539108627,125.70374406785992,4117.326574813964
2025-07-11T17:26:04.359626,ENG-004,273.33626908799835,127.09394585622577,4162.709913378918
2025-07-11T17:26:07.551038,ENG-004,281.3826423169629,134.95682539156422,3990.5055566973215
2025-07-11T17:26:09.891493,ENG-005,267.84018880028407,139.70803935230495,8942.08694166045
2025-07-11T17:26:13.680873,ENG-003,284.0652555817773,135.46233369601288,4048.356863948704
2025-07-11T17:26:16.200601,ENG-005,276.33889884432676,137.28234603645296,4170.902854307739
2025-07-11T17:26:17.748602,ENG-002,266.5174592868397,122.44499503043346,4167.306645670267
2025-07-11T17:26:21.391551,ENG-002,272.8289487738541,121.23556001316403,-266.96600191387324
2025-07-11T17:26:23.922747,ENG-002,254.6848840661523,125.74929281974563,4107.454080540547
2025-07-11T17:26:27.813652,ENG-005,262.83454841995825,132.90348979580654,4132.797995140731
2025-07-11T17:26:31.864822,ENG-001,287.86285431379076,142.71713770833827,4031.295677225834
2025-07-11T17:26:35.707757,ENG-004,267.55017165606193,129.2351688780904,4228.288435802103
2025-07-11T17:26:38.088229,ENG-005,265.4411593060164,140.54909228303953,4005.818173151537
2025-07-11T17:26:41.353179,ENG-005,269.90824909812136,148.27262127783905,4159.524926801689
2025-07-11T17:26:45.453515,ENG-004,277.31375471838356,131.89235514799088,9717.191011311255
2025-07-11T17:26:47.980662,ENG-001,294.0162226198189,138.1126004753107,4111.035897733826
2025-07-11T17:26:50.019474,ENG-002,270.6128956977365,114.88788773815439,4138.279742273251
2025-07-11T17:26:52.370241,ENG-003,282.7979383126485,144.10320224840243,4106.436032061982
2025-07-11T17:26:54.836827,ENG-003,276.14004450659843,152.7728508699117,4030.3982764057787
2025-07-11T17:26:59.075279,ENG-002,266.30294851686836,127.81572448276634,4229.811509803588
2025-07-11T17:27:03.916378,ENG-004,521.0710295997562,127.83895237499975,4095.8187898791293
2025-07-11T17:27:06.946472,ENG-004,257.73872620295725,129.3926411336147,4179.255055207402
2025-07-11T17:27:09.707679,ENG-005,289.02907724310046,131.79429990960753,4042.334520197355
2025-07-11T17:27:11.305168,ENG-004,267.1299878517806,135.67824960710183,4061.994288347895
2025-07-11T17:27:13.872985,ENG-001,287.489240733498,139.81434048720192,4179.37332082005
2025-07-11T17:27:16.828638,ENG-004,293.068233768918,129.36321535922323,4084.256839467901
2025-07-11T17:27:20.948940,ENG-005,281.19906742930635,139.84336949012436,4150.729095883494
2025-07-11T17:27:24.332433,ENG-003,282.91507193968783,150.99402390545723,4050.8040801009083
2025-07-11T17:27:29.058091,ENG-004,283.2425567473724,135.3247416843163,4050.1990664961468
2025-07-11T17:27:33.310618,ENG-005,278.22323000212594,134.08155891572244,4134.531222203157
2025-07-11T17:27:36.733063,ENG-004,281.8984652907597,129.37182956487507,4183.390394473208
2025-07-11T17:27:37.919635,ENG-004,274.70925560542145,133.89936497810316,4093.680968198904
2025-07-11T17:27:42.111438,ENG-001,290.5704795304271,152.6220241695861,4026.624483671869
2025-07-11T17:27:47.094738,ENG-003,271.0711455403221,146.5108684516489,3959.5242232809173
2025-07-11T17:27:50.327520,ENG-002,258.49162877367644,128.88892953662466,4079.169848301516
2025-07-11T17:27:53.184427,ENG-005,286.6220318094948,139.79406091100347,4109.729318439384
2025-07-11T17:27:56.720082,ENG-001,273.3036893776325,151.19084419169866,4121.4611010057415
2025-07-11T17:27:58.304438,ENG-005,295.2820830581374,140.95879861442768,4120.544236119733
2025-07-11T17:28:02.085035,ENG-003,305.2061987443673,137.3218146761923,4119.4689105590915
2025-07-11T17:28:04.938659,ENG-005,289.0440422396386,140.9675463267874,4123.416600748038
2025-07-11T17:28:07.666586,ENG-004,258.29706053798964,134.6702938160473,4120.133313132829
2025-07-11T17:28:10.603652,ENG-004,254.612511714613,146.36891335085272,4148.370558576672
2025-07-11T17:28:13.415446,ENG-005,288.2127749710287,125.76905853287892,4076.6663757329256
2025-07-11T17:28:15.032982,ENG-003,284.09991778451933,146.41022446943506,4140.164783456974
2025-07-11T17:28:16.254558,ENG-002,252.6385716471746,132.21254896268914,4068.0296482047165
2025-07-11T17:28:20.566708,ENG-005,292.55030838743306,,4137.078126756739
2025-07-11T17:28:22.087682,ENG-002,931.3561321377992,129.69766762539447,4160.994713355837
2025-07-11T17:28:24.626167,ENG-003,288.9523741297533,144.37070754667855,4066.68834196534
2025-07-11T17:28:25.920793,ENG-004,259.9180541997665,132.18547537393204,4109.344211618609
2025-07-11T17:28:29.612446,ENG-001,283.15401215571876,388.0872383972531,4059.2121029659393
2025-07-11T17:28:32.730082,ENG-004,276.4149417698792,124.00061687642847,4135.931580067092
2025-07-11T17:28:35.879376,ENG-002,266.2748316342791,121.78646541136808,4256.3706451242
2025-07-11T17:28:40.414698,ENG-001,282.7342906474156,140.1424783411551,3991.100989260935
2025-07-11T17:28:42.057121,ENG-001,282.5039376362485,130.3221593501619,4097.999354767225
2025-07-11T17:28:45.124202,ENG-004,260.56866450704723,129.8557891724176,4089.8127939801716
2025-07-11T17:28:49.889112,ENG-001,300.0715491124014,134.81003862476553,4158.29081809887
2025-07-11T17:28:51.379583,ENG-003,296.34020307268656,136.68389100018814,3988.1220892431934
